id,depth,square,fold
b981d35c43,-1,-1,0
94b3a9ed9c,-1,-1,1
17a6639049,-1,-1,2
63532a858b,-1,-1,3
9128b824e5,-1,-1,4
029c321179,-1,-1,5
b7c462dd1c,-1,-1,6
f083e6692d,-1,-1,7
78299d7a47,-1,-1,8
2a16af2ae7,-1,-1,9
cbeab7807d,-1,-1,0
2578042000,-1,-1,1
180f0a1854,-1,-1,2
e2a70ffdf6,-1,-1,3
a5d188bbd7,-1,-1,4
2a484baa26,-1,-1,5
9d462381b0,-1,-1,6
ad16edc8be,-1,-1,7
a163126d96,-1,-1,8
bbf8c7968a,-1,-1,9
f7e8060b57,-1,-1,0
6545c6235b,-1,-1,1
6a3f8feaea,-1,-1,2
65e2650a80,-1,-1,3
67d3486ac8,-1,-1,4
51b639314d,-1,-1,5
130229ec15,-1,-1,6
8945b8916d,-1,-1,7
db75c6831e,-1,-1,8
63bed65d65,-1,-1,9
d18a64f984,-1,-1,0
fad11bf2fa,-1,-1,1
6cafc8475b,-1,-1,2
5155ad847f,-1,-1,3
e12cd094a6,-1,-1,4
859f623d32,-1,-1,5
fd4741392b,-1,-1,6
6cf6889e33,-1,-1,7
cf241124b1,-1,-1,8
0108518d1e,-1,-1,9
ac64f9de3c,-1,-1,0
6bffabbd91,-1,-1,1
cbad345488,-1,-1,2
f65a52f375,-1,-1,3
e3e92cc747,-1,-1,4
5489419bef,-1,-1,5
8d141a0b7a,-1,-1,6
3d781526c2,-1,-1,7
8ab2399b4a,-1,-1,8
1d7a812c76,-1,-1,9
e0d98e6fde,-1,-1,0
fc944f4e1f,-1,-1,1
cae4ec68c0,-1,-1,2
3ee87f1ea6,-1,-1,3
13f3daf89f,-1,-1,4
740d34befe,-1,-1,5
deec7bb4d9,-1,-1,6
306e6e7743,-1,-1,7
d453812357,-1,-1,8
61eb86f1ad,-1,-1,9
31a4341eb6,-1,-1,0
dfd3138198,-1,-1,1
f8f7ed86fc,-1,-1,2
aac747667e,-1,-1,3
c1c54ad4ba,-1,-1,4
ad1e8ef844,-1,-1,5
cfe4dd9f7e,-1,-1,6
930a21d485,-1,-1,7
7e58c5a1f6,-1,-1,8
a56ff4758a,-1,-1,9
5f51a19f9e,-1,-1,0
33159fbb9b,-1,-1,1
f4e6928ad4,-1,-1,2
871be86f43,-1,-1,3
45f31c81d4,-1,-1,4
416101e57a,-1,-1,5
370763b8a9,-1,-1,6
0530b67189,-1,-1,7
24a38972a3,-1,-1,8
5800248c17,-1,-1,9
96857148ca,-1,-1,0
619edf8941,-1,-1,1
58789490d6,-1,-1,2
103713e20d,-1,-1,3
213e0a9f7b,-1,-1,4
1751290ca2,-1,-1,5
81c1149163,-1,-1,6
2b55bdbda1,-1,-1,7
325cde4fa9,-1,-1,8
b5448cb40a,-1,-1,9
429bf7c665,-1,-1,0
e7da2d7800,-1,-1,1
8c1db0fc39,-1,-1,2
f646560aa9,-1,-1,3
7aebdeb9a7,-1,-1,4
38a15dee44,-1,-1,5
5e350fa662,-1,-1,6
fcce81906d,-1,-1,7
b76760a4a1,-1,-1,8
9e9f3940a9,-1,-1,9
06d21d76c4,-1,-1,0
96d1d6138a,-1,-1,1
e2421eee13,-1,-1,2
9bc9c403e0,-1,-1,3
730bddcc02,-1,-1,4
ff8bf1417c,-1,-1,5
400e66f34e,-1,-1,6
e8d6412ed8,-1,-1,7
a6625b8937,-1,-1,8
c0ffa90c4a,-1,-1,9
911f05128d,-1,-1,0
9fbd3ca3b5,-1,-1,1
3d6d400816,-1,-1,2
2874150952,-1,-1,3
c7f54785b8,-1,-1,4
ebff5f719e,-1,-1,5
8f07ef8585,-1,-1,6
114d62da56,-1,-1,7
0cc3c31d1a,-1,-1,8
4c4556fff0,-1,-1,9
576fd5de16,-1,-1,0
6ed0ef14db,-1,-1,1
38438eab6c,-1,-1,2
36ad52a2e8,-1,-1,3
a32b0d0cd7,-1,-1,4
ff9b7d0d2e,-1,-1,5
e360f895de,-1,-1,6
c33e3a20a4,-1,-1,7
29a1b18e79,-1,-1,8
3320eb35e4,-1,-1,9
6fc88fcbed,-1,-1,0
17c6355815,-1,-1,1
34bd0facd2,-1,-1,2
384d50db49,-1,-1,3
54629440c9,-1,-1,4
49336bb17b,-1,-1,5
ecdd648857,-1,-1,6
9790f7880b,-1,-1,7
3fe0ac38f0,-1,-1,8
cd69ee839f,-1,-1,9
8612ca9286,-1,-1,0
fb1e8578cf,-1,-1,1
68b6abcefc,-1,-1,2
68bad6a787,-1,-1,3
93f7759d52,-1,-1,4
72544ea5b6,-1,-1,5
0061281eea,-1,-1,6
13209940d7,-1,-1,7
f8ba90c991,-1,-1,8
3598c246d7,-1,-1,9
3a7bbd73af,-1,-1,0
34bfcfa11b,-1,-1,1
95bdc8b506,-1,-1,2
1b6919f87c,-1,-1,3
e11123ab8b,-1,-1,4
d433300064,-1,-1,5
7a0c8915be,-1,-1,6
063cf2a23a,-1,-1,7
9819277faa,-1,-1,8
3ca252f526,-1,-1,9
4608c638bd,-1,-1,0
b329b390e4,-1,-1,1
759b3aaa22,-1,-1,2
a07f9159e0,-1,-1,3
eed6c66da4,-1,-1,4
6d55cabc8d,-1,-1,5
ea2f1fa62f,-1,-1,6
3e3431be2f,-1,-1,7
f712d8b870,-1,-1,8
d7196745e5,-1,-1,9
c9c0097eff,-1,-1,0
f7e855fc40,-1,-1,1
8e280f2c87,-1,-1,2
5f43816c42,-1,-1,3
ec542d0719,-1,-1,4
40e8e14e60,-1,-1,5
9718102ef6,-1,-1,6
a3e89a273d,-1,-1,7
5717740aa6,-1,-1,8
8d73c4f678,-1,-1,9
c26ff00bfd,-1,-1,0
211eb21702,-1,-1,1
691fec8ce2,-1,-1,2
5b3b86341f,-1,-1,3
eaefc56247,-1,-1,4
19bd49e478,-1,-1,5
b39fe87a25,-1,-1,6
bf00a0ab71,-1,-1,7
f57cb32d6d,-1,-1,8
d3fdfb9e8f,-1,-1,9
438b4cc6e3,-1,-1,0
3dc4b77bb5,-1,-1,1
9ea0525027,-1,-1,2
ae51614513,-1,-1,3
356fa48ac4,-1,-1,4
268d39db25,-1,-1,5
0f3118527c,-1,-1,6
99817a653e,-1,-1,7
38673ade97,-1,-1,8
570d1da727,-1,-1,9
71507ccc96,-1,-1,0
da5ab3d506,-1,-1,1
3a690dbd1b,-1,-1,2
54cb8bdbe2,-1,-1,3
b57e98a275,-1,-1,4
5ce554e890,-1,-1,5
65aadb6f53,-1,-1,6
62715133c5,-1,-1,7
684555a30a,-1,-1,8
0762a99eb4,-1,-1,9
c33faa5d81,-1,-1,0
1313dbf1d7,-1,-1,1
29df15c1ce,-1,-1,2
9bf982cf65,-1,-1,3
ec406285e8,-1,-1,4
a970e82aac,-1,-1,5
9d98768f19,-1,-1,6
9a1fbef3e3,-1,-1,7
143eefe05a,-1,-1,8
e7442307b1,-1,-1,9
246d86ba32,-1,-1,0
4eccb0cb9d,-1,-1,1
e8d8b35601,-1,-1,2
0e53e6294a,-1,-1,3
66cd349922,-1,-1,4
56ced19ad6,-1,-1,5
9fd1beec08,-1,-1,6
ed52743a1b,-1,-1,7
894b5b40af,-1,-1,8
d289692ab8,-1,-1,9
18590f686a,-1,-1,0
aa791ce59a,-1,-1,1
e8f3e42b14,-1,-1,2
8b44342fd9,-1,-1,3
1937cfedc5,-1,-1,4
500d909b87,-1,-1,5
e0f030eb66,-1,-1,6
4a27de03fc,-1,-1,7
9f4471dcd6,-1,-1,8
44381a3f55,-1,-1,9
cbed0283ff,-1,-1,0
a71bdf1af7,-1,-1,1
46b424e067,-1,-1,2
3ee1cfb6a6,-1,-1,3
f87365827d,-1,-1,4
8e48de3b3b,-1,-1,5
9e9ce2e1ce,-1,-1,6
52fdbf981f,-1,-1,7
cb2acfd639,-1,-1,8
1efe1909ed,-1,-1,9
a0f050600e,-1,-1,0
eed279a71a,-1,-1,1
b9ebcbc115,-1,-1,2
2bc8a3db3c,-1,-1,3
dd87f1a21f,-1,-1,4
d69c382be5,-1,-1,5
fe4f6ff284,-1,-1,6
ebe64e1d15,-1,-1,7
ddcb457a07,-1,-1,8
8555cb627a,-1,-1,9
3c30b8e27b,-1,-1,0
66cfa202e5,-1,-1,1
b10fa280bf,-1,-1,2
7cc53fe88b,-1,-1,3
6738d474a3,-1,-1,4
7a25e51377,-1,-1,5
66cf41c563,-1,-1,6
41a4f7424e,-1,-1,7
58777a8c79,-1,-1,8
857f570585,-1,-1,9
90194208b9,-1,-1,0
7f3e8a8526,-1,-1,1
f7d4d6fb0d,-1,-1,2
bc811e2c1f,-1,-1,3
36b768bfa7,-1,-1,4
f7933b266c,-1,-1,5
09541ce79b,-1,-1,6
60bbd166a4,-1,-1,7
5e95137d5f,-1,-1,8
2f8e4f82fd,-1,-1,9
824152cf1c,-1,-1,0
7f2694ca3f,-1,-1,1
b33b1f9db6,-1,-1,2
d21012f5c1,-1,-1,3
7b596fc561,-1,-1,4
d0cd29a61b,-1,-1,5
2444e83809,-1,-1,6
9a3abd0ba6,-1,-1,7
2067c20654,-1,-1,8
1169f5b1fb,-1,-1,9
99f52af0ea,-1,-1,0
7f0bdb5e31,-1,-1,1
4edadcf4c4,-1,-1,2
6e409af2cb,-1,-1,3
1a37af90c1,-1,-1,4
6b2f7ba83d,-1,-1,5
0c6ec35477,-1,-1,6
a8bfe7072c,-1,-1,7
323882f716,-1,-1,8
86f892ad2f,-1,-1,9
2e7921981a,-1,-1,0
7ec839af45,-1,-1,1
f52c144f24,-1,-1,2
60dccbc52f,-1,-1,3
e446b0b4b6,-1,-1,4
6ef46555e2,-1,-1,5
92e617896e,-1,-1,6
35bbf1302b,-1,-1,7
1019e6ed47,-1,-1,8
1a288f27bf,-1,-1,9
7504d73df8,-1,-1,0
157b2aa3e0,-1,-1,1
d8aebd0f86,-1,-1,2
9d12bb050d,-1,-1,3
c74ef130f0,-1,-1,4
66eeb09788,-1,-1,5
10aa115164,-1,-1,6
b221ece24b,-1,-1,7
a446aa0ac8,-1,-1,8
1d93cf8169,-1,-1,9
93b51f6335,-1,-1,0
8b5757d8ee,-1,-1,1
2f917b1124,-1,-1,2
a701844e9a,-1,-1,3
bc79fe1a3a,-1,-1,4
432b8b6a71,-1,-1,5
df8d9625c0,-1,-1,6
501c68e571,-1,-1,7
2bf5343f03,-1,-1,8
b15313d4e8,-1,-1,9
217eeca27e,-1,-1,0
be4db8ff8a,-1,-1,1
96049af037,-1,-1,2
64baad8029,-1,-1,3
cddb50fb4b,-1,-1,4
b83bc9dfa7,-1,-1,5
9f224c71b1,-1,-1,6
8c9b19f267,-1,-1,7
0a31d7553c,-1,-1,8
4e7d4502bc,-1,-1,9
2af008d773,-1,-1,0
67a8e23baa,-1,-1,1
a5471f53d8,-1,-1,2
3c3e74faf6,-1,-1,3
fba91bfec8,-1,-1,4
7c6221dbb8,-1,-1,5
38dfaadc68,-1,-1,6
1c8f6881ac,-1,-1,7
05b69f83bf,-1,-1,8
38c0d9ca8e,-1,-1,9
665e84dc42,-1,-1,0
19b7d2e2bf,-1,-1,1
72e1a1b225,-1,-1,2
b33d57c4be,-1,-1,3
418a13df5c,-1,-1,4
a7b918d80e,-1,-1,5
9bd58061d6,-1,-1,6
aa21ba676c,-1,-1,7
b77cc54800,-1,-1,8
ef03d3e2fa,-1,-1,9
7a0f1e9b45,-1,-1,0
c352f6069b,-1,-1,1
5103df3d79,-1,-1,2
458a05615e,-1,-1,3
56b5540fd7,-1,-1,4
754cfc4b80,-1,-1,5
367c6fb412,-1,-1,6
3d0acb5c90,-1,-1,7
740e4ce45d,-1,-1,8
0f9b1dbc3f,-1,-1,9
5bbcd70d2f,-1,-1,0
042c3d4e03,-1,-1,1
7b2032d7d1,-1,-1,2
8329ec9395,-1,-1,3
de1142326e,-1,-1,4
95af8ca744,-1,-1,5
f3fd020f27,-1,-1,6
0b9cb1205a,-1,-1,7
6cc7ba6c56,-1,-1,8
530f759c6f,-1,-1,9
ac03463615,-1,-1,0
e4159ed1de,-1,-1,1
ca0d3ea2f5,-1,-1,2
2a070f3dc6,-1,-1,3
efc705478f,-1,-1,4
e4c8dc59fa,-1,-1,5
d67dd7da95,-1,-1,6
3480629331,-1,-1,7
1c9fa3dff4,-1,-1,8
8e93b66386,-1,-1,9
335474f8ec,-1,-1,0
c4911615e1,-1,-1,1
deaa0ab2b8,-1,-1,2
b5893fc541,-1,-1,3
6c95018d5c,-1,-1,4
d0319f0ec5,-1,-1,5
c9ff0d072b,-1,-1,6
7c9c01ebe8,-1,-1,7
4285c2ffe8,-1,-1,8
4b44c94892,-1,-1,9
d82b80a555,-1,-1,0
e2ba31c4a5,-1,-1,1
e8757626a1,-1,-1,2
6caec01e67,-1,-1,3
ffce5bbb9a,-1,-1,4
c4b4099179,-1,-1,5
59dabe134f,-1,-1,6
d7cf3bf4e9,-1,-1,7
5423d6049c,-1,-1,8
90720e8172,-1,-1,9
4f105993c5,-1,-1,0
6d17d3be2d,-1,-1,1
37c95ff7df,-1,-1,2
41cfd4b320,-1,-1,3
def16cd3d7,-1,-1,4
5b8dc086ff,-1,-1,5
961b1310e9,-1,-1,6
97a653e83c,-1,-1,7
f78674d646,-1,-1,8
efbfde4930,-1,-1,9
e45c509f80,-1,-1,0
f503aaf699,-1,-1,1
fea1ff8505,-1,-1,2
22fdf96a54,-1,-1,3
212ba67b51,-1,-1,4
a239bfe21a,-1,-1,5
b240778420,-1,-1,6
68b593f903,-1,-1,7
a69586db4e,-1,-1,8
1804b11f9a,-1,-1,9
fc6e9d0385,-1,-1,0
a52d7a6cd8,-1,-1,1
40bb5a9cbe,-1,-1,2
7e737a6cc6,-1,-1,3
c02071548b,-1,-1,4
4bc87727b5,-1,-1,5
ac1ea6faa4,-1,-1,6
cced2adf43,-1,-1,7
a18073f2a2,-1,-1,8
2b2fc71ee1,-1,-1,9
90b1ba3bb5,-1,-1,0
ce31ab9b97,-1,-1,1
f5c2e66754,-1,-1,2
8a55cca47a,-1,-1,3
960f92cf81,-1,-1,4
fa25724a62,-1,-1,5
98870eab9e,-1,-1,6
9126bbe228,-1,-1,7
cf1ffe14e0,-1,-1,8
d31c506913,-1,-1,9
aeb36c1964,-1,-1,0
6e1bb2e64a,-1,-1,1
aedad85e8c,-1,-1,2
707f14c59a,-1,-1,3
2be45a7fa3,-1,-1,4
edf1e6ac00,-1,-1,5
3c2f5ba174,-1,-1,6
b07d4da735,-1,-1,7
5306b708be,-1,-1,8
4be85a3110,-1,-1,9
e2810cc777,-1,-1,0
6493c2cbab,-1,-1,1
45a2a01008,-1,-1,2
32599d97bb,-1,-1,3
91127f8cc2,-1,-1,4
3cb59a4fdc,-1,-1,5
20349d0a12,-1,-1,6
3a068284ed,-1,-1,7
71f724c7ef,-1,-1,8
6d8a8e2e6d,-1,-1,9
659193a103,-1,-1,0
4c89e94e36,-1,-1,1
c7c3a8a806,-1,-1,2
1d0c2fa004,-1,-1,3
7deaf30c4a,-1,-1,4
b942b38a45,-1,-1,5
423ae1a09c,-1,-1,6
9ba564058f,-1,-1,7
932529c83d,-1,-1,8
17bb0d4b3e,-1,-1,9
1263576548,-1,-1,0
3be0c0be8e,-1,-1,1
a2530b4c45,-1,-1,2
9c4c524983,-1,-1,3
a91212b01e,-1,-1,4
ca511bc319,-1,-1,5
45a1f78171,-1,-1,6
ca6bdbc405,-1,-1,7
590e32af63,-1,-1,8
956c91fe94,-1,-1,9
6baf05d61e,-1,-1,0
5fabfdc0b6,-1,-1,1
c2e9f328e3,-1,-1,2
91bb8b5dbb,-1,-1,3
a88dd59036,-1,-1,4
ea2fe8434f,-1,-1,5
52a0f74bfe,-1,-1,6
af6fe9a9c8,-1,-1,7
0bdd44d530,-1,-1,8
61df7e1f4d,-1,-1,9
baac3469ae,-1,-1,0
934cd14205,-1,-1,1
e199174d64,-1,-1,2
9492db510d,-1,-1,3
8fb68e99e8,-1,-1,4
9fe6cf976f,-1,-1,5
f8921580bb,-1,-1,6
2da9564e53,-1,-1,7
babbac4cf9,-1,-1,8
0b9981aba1,-1,-1,9
967d30a3fd,-1,-1,0
95d3841a53,-1,-1,1
9b585a2ea0,-1,-1,2
d1857e0577,-1,-1,3
5cf1f1e7f0,-1,-1,4
26808abb2d,-1,-1,5
20a0f53112,-1,-1,6
d45b4f3b85,-1,-1,7
e185ab5dc1,-1,-1,8
4e86258646,-1,-1,9
2ffea0c397,-1,-1,0
d752eaa82a,-1,-1,1
fe37eddf8e,-1,-1,2
c613a090a4,-1,-1,3
e639615636,-1,-1,4
06523f9719,-1,-1,5
d4e9588d7c,-1,-1,6
8693030eb3,-1,-1,7
08640ede7a,-1,-1,8
48a18f5386,-1,-1,9
fadd6aa446,-1,-1,0
b012e9ebb0,-1,-1,1
d93d713c55,-1,-1,2
7268aedee7,-1,-1,3
be7014887d,-1,-1,4
380ff30e30,-1,-1,5
565d2342f2,-1,-1,6
dde0ee264b,-1,-1,7
d8fca64ebf,-1,-1,8
a826e5e6e5,-1,-1,9
b2b0cd95a4,-1,-1,0
c29c36a1e8,-1,-1,1
393f2db0b0,-1,-1,2
72e05a5a33,-1,-1,3
85fe62d2d6,-1,-1,4
b6bca345bb,-1,-1,5
52914952d6,-1,-1,6
90704ffe69,-1,-1,7
725d92524a,-1,-1,8
1463aee5b3,-1,-1,9
964030c032,-1,-1,0
8201005b79,-1,-1,1
1c37e37fbf,-1,-1,2
42c563d895,-1,-1,3
7c61d788af,-1,-1,4
a72f220de9,-1,-1,5
27b5526adb,-1,-1,6
6dc7a51dd9,-1,-1,7
eabe9337a9,-1,-1,8
d3f2336daf,-1,-1,9
395726930f,-1,-1,0
6dba47cc58,-1,-1,1
05c7033694,-1,-1,2
d9fb5b47e2,-1,-1,3
df56e7aaad,-1,-1,4
a66c03c236,-1,-1,5
02117a400e,-1,-1,6
d6471dc0a3,-1,-1,7
bb455284f1,-1,-1,8
7488e076ca,-1,-1,9
618f843c7a,-1,-1,0
428a877104,-1,-1,1
cadb46b378,-1,-1,2
4b522e501e,-1,-1,3
a5d2da8488,-1,-1,4
5ee2d40bbb,-1,-1,5
8c99d8c85f,-1,-1,6
843f9892ef,-1,-1,7
0bed5f2ace,-1,-1,8
5f7c5c59f5,-1,-1,9
5f248cf0d6,-1,-1,0
4e961dd0ed,-1,-1,1
ed761ad8ef,-1,-1,2
b5850af687,-1,-1,3
bea9b0571b,-1,-1,4
7d8b219e1c,-1,-1,5
8138c79081,-1,-1,6
404b62a4d5,-1,-1,7
126f253739,-1,-1,8
387aa87ae2,-1,-1,9
19d821e8e4,-1,-1,0
48d81e93d9,-1,-1,1
4541761ba4,-1,-1,2
ec7522391d,-1,-1,3
8e84b940e3,-1,-1,4
a3e0a0c779,-1,-1,5
6348c487a4,-1,-1,6
e53c2e8771,-1,-1,7
5e09ef27a6,-1,-1,8
86c1109730,-1,-1,9
55111519ec,-1,-1,0
314db606fd,-1,-1,1
230b98e713,-1,-1,2
33887a0ae7,-1,-1,3
881407fa84,-1,-1,4
b2d02516e1,-1,-1,5
bce4cdea7f,-1,-1,6
1b5a148cd3,-1,-1,7
d67e3a11d8,-1,-1,8
ca78405cea,-1,-1,9
fd998a993b,-1,-1,0
b5e1371b3b,-1,-1,1
415eb5b72c,-1,-1,2
44d745a704,-1,-1,3
c79d52ffc3,-1,-1,4
0401ae15d3,-1,-1,5
eb4fa16734,-1,-1,6
1925c11fce,-1,-1,7
8116fa64d4,-1,-1,8
46c1a0e9a3,-1,-1,9
483b35d589,-1,-1,0
5b217529e7,-1,-1,1
e0da89ce88,-1,-1,2
c6612326fa,-1,-1,3
aa1cd9fb71,-1,-1,4
2556c23489,-1,-1,5
3bbf82fc28,-1,-1,6
b28aeb78e0,-1,-1,7
eac822921e,-1,-1,8
06d3201dd0,-1,-1,9
5edb37f5a8,-1,-1,0
ce1f9711bc,-1,-1,1
b97918ac08,-1,-1,2
51e8e6bfc4,-1,-1,3
f6009f764c,-1,-1,4
8e2e3afdb5,-1,-1,5
ff238df1c4,-1,-1,6
48db3b8c5f,-1,-1,7
46386ca4a3,-1,-1,8
e865014246,-1,-1,9
776d123d8d,-1,-1,0
4d58e8d8ff,-1,-1,1
b852505678,-1,-1,2
401b591c07,-1,-1,3
24cb80b5da,-1,-1,4
f44f67efae,-1,-1,5
9b3d4b0379,-1,-1,6
8409fed45c,-1,-1,7
f76c6bc5d0,-1,-1,8
95a60e2f42,-1,-1,9
8023f35b58,-1,-1,0
bebf415bd1,-1,-1,1
2edf2e3e05,-1,-1,2
f8b721f632,-1,-1,3
aff8ae9d4d,-1,-1,4
cc216a861c,-1,-1,5
d14db20055,-1,-1,6
eb958a5cc8,-1,-1,7
974f5b6876,-1,-1,8
7f5914b74a,-1,-1,9
db0bc63d60,-1,-1,0
17dd87aefa,-1,-1,1
728917ca07,-1,-1,2
75c7d3b5a8,-1,-1,3
b202b6b3d4,-1,-1,4
92c25915f1,-1,-1,5
9260b4f758,-1,-1,6
ec88937127,-1,-1,7
ce9c3510a8,-1,-1,8
7ede03dede,-1,-1,9
563191e71a,-1,-1,0
de7af15747,-1,-1,1
893bd55371,-1,-1,2
499560e566,-1,-1,3
5e3c2aa2bb,-1,-1,4
badc44bb99,-1,-1,5
bfcd0fb5ac,-1,-1,6
fb47e8e74e,-1,-1,7
aa36cc5b96,-1,-1,8
b9f3886670,-1,-1,9
9385125b12,-1,-1,0
8343ad9ed8,-1,-1,1
04315b9a64,-1,-1,2
1f7e3eef06,-1,-1,3
a8d50a4a97,-1,-1,4
edf47afe46,-1,-1,5
51e82eaa5b,-1,-1,6
23a17b87e7,-1,-1,7
26000ba320,-1,-1,8
7053b28de2,-1,-1,9
c450f9d7f4,-1,-1,0
82c340f4e5,-1,-1,1
53c79255ba,-1,-1,2
6c49b277aa,-1,-1,3
2b1e71c2a3,-1,-1,4
96cc5caec0,-1,-1,5
6b95bc6c5f,-1,-1,6
7e40cdf1f3,-1,-1,7
4d9fa2d97f,-1,-1,8
fd1be18f7d,-1,-1,9
9c08332067,-1,-1,0
c20069b110,-1,-1,1
9f7e064e9f,-1,-1,2
a9b7fa7e0d,-1,-1,3
903206854b,-1,-1,4
e0fb508d51,-1,-1,5
1d4e60eafa,-1,-1,6
d4033ae7f2,-1,-1,7
9c5c26e2ba,-1,-1,8
1d9bc2591e,-1,-1,9
e667f4d290,-1,-1,0
35f3cb48d6,-1,-1,1
8daa7e48d1,-1,-1,2
12bf4f2d3b,-1,-1,3
7277ef5fef,-1,-1,4
9086ac3a68,-1,-1,5
1af9e4bbd8,-1,-1,6
e6ac2a35cd,-1,-1,7
569f85c4ce,-1,-1,8
c920246511,-1,-1,9
57ff97666d,-1,-1,0
50b3aef4c4,-1,-1,1
ec2664c4cf,-1,-1,2
341f6694f1,-1,-1,3
a58d3b12bc,-1,-1,4
75eaea4cdb,-1,-1,5
34b32c5b5d,-1,-1,6
a5c6cde207,-1,-1,7
e4d9d1178c,-1,-1,8
19843b4e95,-1,-1,9
10e835f9ab,-1,-1,0
fa70e3da06,-1,-1,1
74d1d03fc3,-1,-1,2
21ec084221,-1,-1,3
288c4c1941,-1,-1,4
23cdfc53fe,-1,-1,5
b94a5b0bda,-1,-1,6
39400e0443,-1,-1,7
ef29bdffc6,-1,-1,8
42758bb41a,-1,-1,9
ba4781de48,-1,-1,0
bf76c8aff3,-1,-1,1
f425a67987,-1,-1,2
9ae45b19d3,-1,-1,3
27e12cbcea,-1,-1,4
65cb9cbc05,-1,-1,5
878566ab56,-1,-1,6
7796858a9b,-1,-1,7
6a89c7a85d,-1,-1,8
225ae42209,-1,-1,9
6e86fed535,-1,-1,0
c70619fb09,-1,-1,1
99d7f0c538,-1,-1,2
96f8fd0d4b,-1,-1,3
5df9874c5b,-1,-1,4
226eeb7c67,-1,-1,5
1f3299c2ba,-1,-1,6
c67832ba86,-1,-1,7
6752a6815f,-1,-1,8
cb974e60ca,-1,-1,9
3a310860a3,-1,-1,0
37251064bd,-1,-1,1
02adf272e9,-1,-1,2
8dc946b34d,-1,-1,3
4b3502ca99,-1,-1,4
590f7ae6e7,-1,-1,5
f839d20b06,-1,-1,6
fbf5c91d9e,-1,-1,7
253ee294d9,-1,-1,8
0a0814464f,-1,-1,9
ba836c5ae1,-1,-1,0
a05da102a2,-1,-1,1
f37556e4da,-1,-1,2
01323211a0,-1,-1,3
08dc3c9a23,-1,-1,4
578aefa47e,-1,-1,5
026b509cd4,-1,-1,6
db548fd037,-1,-1,7
7a2cca4fe5,-1,-1,8
8ef76ed16e,-1,-1,9
d27831fef2,-1,-1,0
cd6320c6eb,-1,-1,1
2886e27fb6,-1,-1,2
8b5232fcfa,-1,-1,3
c387a012fc,-1,-1,4
60d3607be2,-1,-1,5
1a7f8bd454,-1,-1,6
9667824566,-1,-1,7
e41a05735d,-1,-1,8
ff24769ea3,-1,-1,9
a7f4b8d36e,-1,-1,0
db5bf853fc,-1,-1,1
53dab98a36,-1,-1,2
7572c78534,-1,-1,3
e2d3957c95,-1,-1,4
20c99dee06,-1,-1,5
41e173a1e5,-1,-1,6
7135ca553a,-1,-1,7
ceb69201df,-1,-1,8
f34ae8f3d4,-1,-1,9
1bf062bda2,-1,-1,0
90d2cdb32d,-1,-1,1
fb17f161d1,-1,-1,2
86f2fd7025,-1,-1,3
a3ff13b1e1,-1,-1,4
91ea3f1227,-1,-1,5
a37249665e,-1,-1,6
e8e8b96a84,-1,-1,7
7c9c98aa11,-1,-1,8
365bdf0ae1,-1,-1,9
76d080ed6f,-1,-1,0
4079c73376,-1,-1,1
9aa65d393a,-1,-1,2
a774562f5e,-1,-1,3
30491b379f,-1,-1,4
e44dcaeb74,-1,-1,5
7845115d01,-1,-1,6
0473e496e2,-1,-1,7
51ede1c702,-1,-1,8
466030918d,-1,-1,9
186d861771,-1,-1,0
f4feed1635,-1,-1,1
e172f09faa,-1,-1,2
4b72e35b8b,-1,-1,3
7242ab00b6,-1,-1,4
2c3c64402e,-1,-1,5
8174aba668,-1,-1,6
89af21b6ee,-1,-1,7
fdb7d132be,-1,-1,8
b9fb7882a0,-1,-1,9
6ebb6826bd,-1,-1,0
b70f0ab0c2,-1,-1,1
a6ba9b9f91,-1,-1,2
b7dc0d87fd,-1,-1,3
0461a2fb30,-1,-1,4
c33df3d7ad,-1,-1,5
6460ce2df7,-1,-1,6
0c600207b1,-1,-1,7
c98504a8ab,-1,-1,8
8f2087a1f5,-1,-1,9
7524d9b7bf,-1,-1,0
68d9f77646,-1,-1,1
d1f8ba2f02,-1,-1,2
486ae46ba0,-1,-1,3
f2c640742a,-1,-1,4
a33e7de189,-1,-1,5
89340d64ab,-1,-1,6
99ee31b5bc,-1,-1,7
d531fa41aa,-1,-1,8
92d116836e,-1,-1,9
97e78a5448,-1,-1,0
1f73caa937,-1,-1,1
cb7cd324a5,-1,-1,2
8c4ac14f53,-1,-1,3
9f96821d81,-1,-1,4
ec9ba7900d,-1,-1,5
cfcffeda9e,-1,-1,6
c4ed7cdb1c,-1,-1,7
13f448be07,-1,-1,8
d73e3ccdec,-1,-1,9
c92c37ecd7,-1,-1,0
918548e472,-1,-1,1
befdfcbe5b,-1,-1,2
96216dae3b,-1,-1,3
527c3abd5f,-1,-1,4
3b05fe7a3f,-1,-1,5
71a31f4356,-1,-1,6
03eed26d3e,-1,-1,7
10f3d01ddb,-1,-1,8
9bbb4c7c34,-1,-1,9
40a7f422e2,-1,-1,0
505483d249,-1,-1,1
f6e87c1458,-1,-1,2
7aa7e1b355,-1,-1,3
9ccf9ff1c3,-1,-1,4
7f5a72fa2c,-1,-1,5
690281a93d,-1,-1,6
24b40af38f,-1,-1,7
62de954435,-1,-1,8
fbfa863bd4,-1,-1,9
d6437d0c25,-1,-1,0
8a58fe70f8,-1,-1,1
2226df3ca1,-1,-1,2
56810440c4,-1,-1,3
14c16f99d5,-1,-1,4
c66a8f70e4,-1,-1,5
bcbe3c0ee2,-1,-1,6
eb91416afe,-1,-1,7
481ed855f2,-1,-1,8
4085f8522d,-1,-1,9
cb677fab7a,-1,-1,0
739a9ab34a,-1,-1,1
77acb619e7,-1,-1,2
eab589e1f2,-1,-1,3
3b4be071a8,-1,-1,4
7d5c34a95a,-1,-1,5
bb1e7f303f,-1,-1,6
ed2b73840d,-1,-1,7
38ec59117e,-1,-1,8
11518835a4,-1,-1,9
f2fcceee25,-1,-1,0
a5833d6cc4,-1,-1,1
e7e9165d9b,-1,-1,2
4b17d5fb8f,-1,-1,3
ad2113ea1c,-1,-1,4
70c082d59e,-1,-1,5
a4e5b9902b,-1,-1,6
d00d1ea52b,-1,-1,7
3bf70b71cd,-1,-1,8
697af33de9,-1,-1,9
994af8ec2a,-1,-1,0
a54d582262,-1,-1,1
d61250af0c,-1,-1,2
e0b6a1211f,-1,-1,3
d62ad254c6,-1,-1,4
1a8c4fd6ea,-1,-1,5
75b4a808b3,-1,-1,6
ac6289352d,-1,-1,7
59ceec4f7c,-1,-1,8
4618b50b42,-1,-1,9
0f613bd191,-1,-1,0
b506085af9,-1,-1,1
437fbb64d4,-1,-1,2
dce6361f2a,-1,-1,3
ceca04aa2a,-1,-1,4
b92ff69b44,-1,-1,5
27c035c5ae,-1,-1,6
46bec86213,-1,-1,7
eeb18519bc,-1,-1,8
3734601c15,-1,-1,9
ab7d09443f,-1,-1,0
c5a9c13a77,-1,-1,1
d16591547d,-1,-1,2
7e138bf911,-1,-1,3
c5327d784b,-1,-1,4
8978bc57b7,-1,-1,5
a913c2fc19,-1,-1,6
4c7f2b2c18,-1,-1,7
7b5d5d40fe,-1,-1,8
22398d77b8,-1,-1,9
e39ded223d,-1,-1,0
939232310f,-1,-1,1
f1d488759e,-1,-1,2
b96ef7e302,-1,-1,3
0a41de5e3b,-1,-1,4
99909324ed,-1,-1,5
bb9ad7c38d,-1,-1,6
082d2910a8,-1,-1,7
37df75f3a2,-1,-1,8
14c6a2d399,-1,-1,9
b06fe13f54,-1,-1,0
f4784e4f1f,-1,-1,1
a959b2372a,-1,-1,2
c0b6fafc47,-1,-1,3
976eb05465,-1,-1,4
18d013fced,-1,-1,5
0fc5ad7e3b,-1,-1,6
1d798aa5d5,-1,-1,7
debe560cfb,-1,-1,8
3e84576386,-1,-1,9
77ecd76754,-1,-1,0
2a00ecc904,-1,-1,1
b51eed936a,-1,-1,2
8164beeaf5,-1,-1,3
760ca73d1f,-1,-1,4
36e68393b6,-1,-1,5
64e050f295,-1,-1,6
93a0cb5111,-1,-1,7
5fe4e3f5e6,-1,-1,8
f0dc7e30fc,-1,-1,9
b858ccf692,-1,-1,0
db02a30bb8,-1,-1,1
b4e61836df,-1,-1,2
e337021e6a,-1,-1,3
3072ae3119,-1,-1,4
e2e4fcf83e,-1,-1,5
d35af24206,-1,-1,6
f6c784904d,-1,-1,7
84e540208f,-1,-1,8
6b377327b1,-1,-1,9
86c675c4fb,-1,-1,0
962348be7a,-1,-1,1
581e7f38d7,-1,-1,2
5fd8ed2395,-1,-1,3
b6bd6424eb,-1,-1,4
1401f04c4b,-1,-1,5
95f6e2b2d1,-1,-1,6
c673bebe29,-1,-1,7
3a3281b37d,-1,-1,8
e7c55756c7,-1,-1,9
d800abe6a4,-1,-1,0
0c62dfc234,-1,-1,1
e7f0e30585,-1,-1,2
c756ff4e1f,-1,-1,3
d1c9be7e25,-1,-1,4
8718d851c6,-1,-1,5
44ac5b2526,-1,-1,6
8d70a676cd,-1,-1,7
762f01c185,-1,-1,8
27c45fef01,-1,-1,9
1739b1634d,-1,-1,0
6c5b8b3950,-1,-1,1
b393a57640,-1,-1,2
58edb9b58c,-1,-1,3
0ece337a15,-1,-1,4
32062fff08,-1,-1,5
efe3043924,-1,-1,6
ed66549524,-1,-1,7
26ae98fddb,-1,-1,8
ab82b9e44e,-1,-1,9
cd5cd074f1,-1,-1,0
a9df598e16,-1,-1,1
a8247ac73a,-1,-1,2
a653a50dc4,-1,-1,3
5468ed796d,-1,-1,4
3862950849,-1,-1,5
146ec37657,-1,-1,6
f807851f5a,-1,-1,7
1a4278325d,-1,-1,8
2c45b152f1,-1,-1,9
ee3b4b8c91,-1,-1,0
d3c9529867,-1,-1,1
a0729c7a02,-1,-1,2
ccc41663c6,-1,-1,3
e204511fd2,-1,-1,4
62966dffd3,-1,-1,5
b2fbaf80d5,-1,-1,6
b85046c5c1,-1,-1,7
3c10a71f62,-1,-1,8
2bc179b78c,-1,-1,9
7af84fef71,-1,-1,0
ed20d93bfd,-1,-1,1
e1ce826217,-1,-1,2
97bd8b22b1,-1,-1,3
db1eeaebb4,-1,-1,4
4433b159db,-1,-1,5
a70b2204f0,-1,-1,6
7ab70da99b,-1,-1,7
47048ac10a,-1,-1,8
566ac48e00,-1,-1,9
c80f09bee6,-1,-1,0
c0565001a3,-1,-1,1
18b26e968c,-1,-1,2
d308ec69d3,-1,-1,3
25fb3a895a,-1,-1,4
43a1dbb062,-1,-1,5
b40844d201,-1,-1,6
75c554378e,-1,-1,7
a9fd8e2a06,-1,-1,8
b76b065012,-1,-1,9
cf7abfc8bb,-1,-1,0
fa50e86a72,-1,-1,1
3218afdc84,-1,-1,2
69bb149e2d,-1,-1,3
cef624f327,-1,-1,4
c576ef893a,-1,-1,5
5e85356a28,-1,-1,6
98c6496076,-1,-1,7
1c3397d0ef,-1,-1,8
81fa3d59b8,-1,-1,9
2e8bf3f7b3,-1,-1,0
ac6055e7ce,-1,-1,1
c4ee594685,-1,-1,2
7e78a47cee,-1,-1,3
7dfdf6eeb8,-1,-1,4
131ca4b83d,-1,-1,5
1f1e11aee4,-1,-1,6
1f9dcb9a1f,-1,-1,7
56ac0f17be,-1,-1,8
8db5bf9be2,-1,-1,9
628ab35fe8,-1,-1,0
40dcff68b3,-1,-1,1
c50ba562ef,-1,-1,2
4ca8350f11,-1,-1,3
3975043a11,-1,-1,4
c00c4b8814,-1,-1,5
776bdf9043,-1,-1,6
a266a2a9df,-1,-1,7
e1bd09e50b,-1,-1,8
5a6cd229a9,-1,-1,9
12d09b9fa4,-1,-1,0
7f0825a2f0,-1,-1,1
7bf203a987,-1,-1,2
b9fe322e38,-1,-1,3
308a9348e0,-1,-1,4
c749d05181,-1,-1,5
aa1d903842,-1,-1,6
e89272a29b,-1,-1,7
966fb0cdbb,-1,-1,8
543acdb5f7,-1,-1,9
fbf380831b,-1,-1,0
2f2e86de0b,-1,-1,1
0ab5e14937,-1,-1,2
a8ef242dfd,-1,-1,3
d9d7716b7a,-1,-1,4
fa56377e58,-1,-1,5
5108785aaf,-1,-1,6
55f1ea73b3,-1,-1,7
903180c447,-1,-1,8
3da729cae9,-1,-1,9
5fd2a3ef64,-1,-1,0
00a3af90ab,-1,-1,1
febd1d2a67,-1,-1,2
dcbb6474ee,-1,-1,3
b42ffc97d4,-1,-1,4
dcca025cc6,-1,-1,5
e73ed6e7f2,-1,-1,6
c39f317ad0,-1,-1,7
608567ed23,-1,-1,8
c37f7c51e9,-1,-1,9
2b723b8474,-1,-1,0
9842f69f8d,-1,-1,1
631dacfc0f,-1,-1,2
0faaf196b4,-1,-1,3
45180088a6,-1,-1,4
a4d621da2d,-1,-1,5
0ce8a6ae62,-1,-1,6
359128303c,-1,-1,7
51423622fd,-1,-1,8
3edc3edf92,-1,-1,9
ddd3099877,-1,-1,0
82c316179b,-1,-1,1
61cfb43abf,-1,-1,2
3b2f902ec6,-1,-1,3
d47c78058a,-1,-1,4
003c477d7c,-1,-1,5
d0aeb260e8,-1,-1,6
109bccf6c6,-1,-1,7
46673b0e2d,-1,-1,8
a3de137406,-1,-1,9
87725b728a,-1,-1,0
5a81181e41,-1,-1,1
ce15cc1d1a,-1,-1,2
f19b7d20bb,-1,-1,3
6a29fbd74b,-1,-1,4
f45dbe6541,-1,-1,5
c10ff1398a,-1,-1,6
1ff0aa7f05,-1,-1,7
4d6121dae0,-1,-1,8
d06f237a79,-1,-1,9
525be73de5,-1,-1,0
5edca1bb89,-1,-1,1
d49a9c4664,-1,-1,2
bfac8e63cb,-1,-1,3
5aca18a605,-1,-1,4
5936740d48,-1,-1,5
5d752d6d4a,-1,-1,6
336e1995cd,-1,-1,7
1d0a131f99,-1,-1,8
17a8b7e7f3,-1,-1,9
d175b3b3cc,-1,-1,0
edc9fb3512,-1,-1,1
6a57dfd211,-1,-1,2
77608c7770,-1,-1,3
2a6477aee8,-1,-1,4
db0238e5c7,-1,-1,5
4a7418a5e6,-1,-1,6
3fc4d6b6ed,-1,-1,7
c023a62b96,-1,-1,8
5d6126f459,-1,-1,9
84b5568c2a,-1,-1,0
5d600057f5,-1,-1,1
6c0a545d06,-1,-1,2
ec5afeae66,-1,-1,3
6940237693,-1,-1,4
057eae4f34,-1,-1,5
a667ba911e,-1,-1,6
fb81781b44,-1,-1,7
89ad7a93d6,-1,-1,8
5ad4b1d1ff,-1,-1,9
e813f3d1bf,-1,-1,0
d80ead8703,-1,-1,1
aeba5383e4,-1,-1,2
697f80cece,-1,-1,3
02d40993ab,-1,-1,4
46bbe12b2c,-1,-1,5
d12d5894b8,-1,-1,6
20a4dad0c1,-1,-1,7
6558dcde17,-1,-1,8
9b1f59b89c,-1,-1,9
09ee5831f4,-1,-1,0
ef406bff03,-1,-1,1
a783bd82c5,-1,-1,2
186edd93a3,-1,-1,3
3fd616ef00,-1,-1,4
9b4aa94aed,-1,-1,5
e73532b450,-1,-1,6
82adfbc0f1,-1,-1,7
f7ff576dc4,-1,-1,8
47729d4ee5,-1,-1,9
aabb4516d1,-1,-1,0
2d64b6a8cf,-1,-1,1
6138f82415,-1,-1,2
498d327724,-1,-1,3
999ae650f6,-1,-1,4
6c91546a57,-1,-1,5
418b7878a8,-1,-1,6
939c88a964,-1,-1,7
abcc448c24,-1,-1,8
fd0d237b01,-1,-1,9
d468d401ab,-1,-1,0
75e041fbd8,-1,-1,1
1414606ab4,-1,-1,2
5fd411e302,-1,-1,3
29beb70925,-1,-1,4
fff6522bd1,-1,-1,5
a31e485287,-1,-1,6
4336ac847e,-1,-1,7
05f09b380c,-1,-1,8
f4f0fd932e,-1,-1,9
d5afcea9a2,-1,-1,0
3a33e1eb89,-1,-1,1
7d41b0a6e1,-1,-1,2
b2c6b8cf57,-1,-1,3
5c616dea00,-1,-1,4
b9a7c521ac,-1,-1,5
3228f203a3,-1,-1,6
b911d46acb,-1,-1,7
e12cf83477,-1,-1,8
6074c5b0bf,-1,-1,9
ea2d80c951,-1,-1,0
1664b6a6d5,-1,-1,1
571b14e631,-1,-1,2
6b2f79f6ff,-1,-1,3
3371d166f0,-1,-1,4
d8b1bbbfdf,-1,-1,5
15d76f1672,-1,-1,6
1ee0d5b4d0,-1,-1,7
820c4570b1,-1,-1,8
cb0d3e8399,-1,-1,9
6576184a08,-1,-1,0
dd5a90cf89,-1,-1,1
3685aa0e78,-1,-1,2
c1c6a1ebad,-1,-1,3
3bd3216e16,-1,-1,4
4f349b5ab8,-1,-1,5
31b003483c,-1,-1,6
0ae08cc1b2,-1,-1,7
255e6ef6a9,-1,-1,8
16cebad726,-1,-1,9
168f625d62,-1,-1,0
711e8ac5ba,-1,-1,1
8e3228d793,-1,-1,2
e476b868ef,-1,-1,3
884cd7af00,-1,-1,4
30ff4f38cf,-1,-1,5
b07fc3b87c,-1,-1,6
96aeb8d018,-1,-1,7
495a2d3c7c,-1,-1,8
4514d46495,-1,-1,9
dcb1eee6e3,-1,-1,0
b0a2fe2a63,-1,-1,1
27d0d9af30,-1,-1,2
f3fb95295e,-1,-1,3
de39c2b892,-1,-1,4
25d24d4554,-1,-1,5
7972b70832,-1,-1,6
83558aa4b8,-1,-1,7
61321814ce,-1,-1,8
a10b932fb3,-1,-1,9
5a7a933a05,-1,-1,0
1b073494ab,-1,-1,1
cbbf379ef8,-1,-1,2
1a67b08604,-1,-1,3
535503063e,-1,-1,4
b1ac5ed0b3,-1,-1,5
d71e91efc0,-1,-1,6
be2dd1db16,-1,-1,7
973a4f6dad,-1,-1,8
8b5d38c547,-1,-1,9
d73189228f,-1,-1,0
17972a6517,-1,-1,1
3ce657b8f7,-1,-1,2
ff038e87b1,-1,-1,3
70d9a282d1,-1,-1,4
dcca0c8297,-1,-1,5
bf05a52a6b,-1,-1,6
571e63d0bc,-1,-1,7
9347c39706,-1,-1,8
f6a89b6f89,-1,-1,9
ea1270a8b2,-1,-1,0
d2ea97ca4e,-1,-1,1
1c6237ae58,-1,-1,2
fa01eb7fdf,-1,-1,3
457f80b1c5,-1,-1,4
f841c6dee7,-1,-1,5
066e0ce4c3,-1,-1,6
0ddcd3fd1a,-1,-1,7
39f101a807,-1,-1,8
a00d2b180c,-1,-1,9
21d01a8e82,-1,-1,0
876e6423e6,-1,-1,1
964be849b0,-1,-1,2
022b1b01be,-1,-1,3
9678fb935e,-1,-1,4
2ff32a1188,-1,-1,5
df8caa8bdf,-1,-1,6
e12aab98e6,-1,-1,7
08c2070b20,-1,-1,8
de091953f9,-1,-1,9
2ae425e5a3,-1,-1,0
65eca0ad70,-1,-1,1
f70f3b7b95,-1,-1,2
628f1de539,-1,-1,3
b6f907680a,-1,-1,4
5c0cde01b7,-1,-1,5
16e308dbc3,-1,-1,6
2775c5f447,-1,-1,7
6a3d92ce59,-1,-1,8
94551e800f,-1,-1,9
45fb16d378,-1,-1,0
7db9b53d89,-1,-1,1
f1080b61e2,-1,-1,2
fbd61072f4,-1,-1,3
d30ad7d936,-1,-1,4
6c3a9009c8,-1,-1,5
4b9b8c2e44,-1,-1,6
4b9862566c,-1,-1,7
0243477802,-1,-1,8
05139ad3e5,-1,-1,9
6abe55deaf,-1,-1,0
7de09d894b,-1,-1,1
e278cee272,-1,-1,2
9b80cf8992,-1,-1,3
b355ed119c,-1,-1,4
5ec4b8eff9,-1,-1,5
0389fc6012,-1,-1,6
fb9b58527c,-1,-1,7
1277f1a611,-1,-1,8
483372b203,-1,-1,9
7e68df3981,-1,-1,0
bbfb2201ce,-1,-1,1
ea5dd02892,-1,-1,2
396ae389d8,-1,-1,3
fe11d93a24,-1,-1,4
c3a963f5e3,-1,-1,5
e335542c17,-1,-1,6
7f2642a14a,-1,-1,7
da689f1bca,-1,-1,8
c4adb6e891,-1,-1,9
39cd06da7d,-1,-1,0
81ab8c6bb7,-1,-1,1
ee5e9e4570,-1,-1,2
919bc0e2ba,-1,-1,3
af171a3570,-1,-1,4
761eaf3fa4,-1,-1,5
cb4f7abe67,-1,-1,6
9ad32f3c66,-1,-1,7
ea54256d21,-1,-1,8
fa9ad1caeb,-1,-1,9
29fd4ba626,-1,-1,0
852873eb7b,-1,-1,1
70e9442b06,-1,-1,2
33041df256,-1,-1,3
a7f7a964f5,-1,-1,4
66c61616cc,-1,-1,5
268baf2d43,-1,-1,6
30cc3d3982,-1,-1,7
9693c84080,-1,-1,8
a291ef5d83,-1,-1,9
abb1521de8,-1,-1,0
77abc5ed21,-1,-1,1
29162a3471,-1,-1,2
05c33e6854,-1,-1,3
3f9df26c0c,-1,-1,4
9d5d4bf0f1,-1,-1,5
ad6fe18943,-1,-1,6
e80ac14b0f,-1,-1,7
7bfd026d91,-1,-1,8
1a4ffa4415,-1,-1,9
212f074587,-1,-1,0
b7b83447c4,-1,-1,1
938d11586e,-1,-1,2
46b7364b81,-1,-1,3
641d0227e7,-1,-1,4
dbcfdf17a3,-1,-1,5
211fc910da,-1,-1,6
9a478d8cf2,-1,-1,7
66fed16154,-1,-1,8
917ef84e64,-1,-1,9
71438f26ec,-1,-1,0
c701db91e2,-1,-1,1
94c94ee7b6,-1,-1,2
ba2a5fbf4c,-1,-1,3
804fcfaf4b,-1,-1,4
6f19d11809,-1,-1,5
ad93d35798,-1,-1,6
4329ab8cf6,-1,-1,7
a98ab1c549,-1,-1,8
fdc28cafdc,-1,-1,9
91c003779c,-1,-1,0
a19dbb48cd,-1,-1,1
b9fcc34ef3,-1,-1,2
dd9a94a797,-1,-1,3
737e6513c8,-1,-1,4
041925f04c,-1,-1,5
30e5cfec08,-1,-1,6
65fe1a0efc,-1,-1,7
848c9d1a6a,-1,-1,8
843e8ec44e,-1,-1,9
e927f91b12,-1,-1,0
b9fd9429e3,-1,-1,1
253eb71c3d,-1,-1,2
89ba98210c,-1,-1,3
e8b730fe92,-1,-1,4
7c41f727b9,-1,-1,5
6fe2b681e4,-1,-1,6
31ca053bec,-1,-1,7
b1e590d1c9,-1,-1,8
1268fbf8c2,-1,-1,9
28df927e87,-1,-1,0
d26e890704,-1,-1,1
4ed12ec89a,-1,-1,2
48d34846d7,-1,-1,3
94c8aad517,-1,-1,4
28553d5d42,-1,-1,5
0ff9f243e5,-1,-1,6
40fbc03558,-1,-1,7
cb9d520cf9,-1,-1,8
23bbdfd154,-1,-1,9
403cb8f4b3,-1,-1,0
2fd6d25adb,-1,-1,1
155bcd4b4d,-1,-1,2
0f19680b4d,-1,-1,3
7074e402ca,-1,-1,4
eb5e2a6b3a,-1,-1,5
17e67f9ce4,-1,-1,6
8ce1df1a6a,-1,-1,7
368f635c4c,-1,-1,8
cd1b2e49f4,-1,-1,9
bf294b9661,-1,-1,0
eec3f628d6,-1,-1,1
35b34a9da1,-1,-1,2
8f1fbec1e6,-1,-1,3
9efedb3b86,-1,-1,4
2ce9c36a98,-1,-1,5
0aea45ba8f,-1,-1,6
9382a047a8,-1,-1,7
df47f2e681,-1,-1,8
9511856b03,-1,-1,9
46dd77ede5,-1,-1,0
e82162c83c,-1,-1,1
45b5f91d83,-1,-1,2
1b2c817dd0,-1,-1,3
a32a4a2256,-1,-1,4
0f7aa746d6,-1,-1,5
ae2ef70d51,-1,-1,6
5fa87fc4cd,-1,-1,7
9e64fc57aa,-1,-1,8
173dd2f369,-1,-1,9
b12a5a2b61,-1,-1,0
3f2865df45,-1,-1,1
dd6a04d456,-1,-1,2
0f9beb1453,-1,-1,3
1da21e7498,-1,-1,4
24c102ca1f,-1,-1,5
e82421363e,-1,-1,6
ffe228a7e3,-1,-1,7
baa743f4b4,-1,-1,8
bb2160921c,-1,-1,9
7f0e67d5ec,-1,-1,0
459396b418,-1,-1,1
9522339a9a,-1,-1,2
74de17e9c0,-1,-1,3
726a0d854d,-1,-1,4
4654389112,-1,-1,5
e51599adb5,-1,-1,6
87cf2c6542,-1,-1,7
3ee4de57f8,-1,-1,8
77420e5628,-1,-1,9
37ba215c62,-1,-1,0
f2d668f7e7,-1,-1,1
b0e479668d,-1,-1,2
1e4c96a9cd,-1,-1,3
d859ee2145,-1,-1,4
18f3626b0f,-1,-1,5
3fd0ef2d38,-1,-1,6
a07c1fd090,-1,-1,7
44edd661a0,-1,-1,8
f0ec542987,-1,-1,9
89dc091930,-1,-1,0
59b1bac5d5,-1,-1,1
fa08ffa6fb,-1,-1,2
0e63d9a8b4,-1,-1,3
697fee88c5,-1,-1,4
71d3bf0ea8,-1,-1,5
3c9931bca2,-1,-1,6
e82b7a2abb,-1,-1,7
6d03f91961,-1,-1,8
5dfa4cfa2d,-1,-1,9
711c478c93,-1,-1,0
c8d70d9c3d,-1,-1,1
fee35c9fa9,-1,-1,2
4fbda008c7,-1,-1,3
b6bbd06618,-1,-1,4
107f1047c1,-1,-1,5
f30e47cb36,-1,-1,6
393048bc6c,-1,-1,7
e5b47aa145,-1,-1,8
2d7a83381c,-1,-1,9
91dfba8133,-1,-1,0
055ec918b9,-1,-1,1
e875c9a960,-1,-1,2
633c7d5c80,-1,-1,3
70cef9fcb6,-1,-1,4
c68ee0308f,-1,-1,5
f288e998f5,-1,-1,6
d553c91194,-1,-1,7
23afbccfb5,-1,-1,8
ac5f676fa3,-1,-1,9
8ad8b9b163,-1,-1,0
fa752c35ca,-1,-1,1
f85a85710a,-1,-1,2
642c62a158,-1,-1,3
c1431cfade,-1,-1,4
04234be388,-1,-1,5
c38e2a42e3,-1,-1,6
9fff0319cd,-1,-1,7
a19163fc11,-1,-1,8
3b5c0e9308,-1,-1,9
276807c93b,-1,-1,0
e34c1220b1,-1,-1,1
f057258486,-1,-1,2
c2ca0ed857,-1,-1,3
9895f188e8,-1,-1,4
b3ad13d9e9,-1,-1,5
b09f0e743d,-1,-1,6
caccd6708f,-1,-1,7
17113fd0bd,-1,-1,8
cc4344175e,-1,-1,9
d2b77b255b,-1,-1,0
b6c52b4a53,-1,-1,1
21df07989f,-1,-1,2
2bce09096c,-1,-1,3
6eeeda7f4a,-1,-1,4
40d96e8022,-1,-1,5
3794cd4d73,-1,-1,6
690514a3e4,-1,-1,7
a9a9fb1747,-1,-1,8
fefe01ac32,-1,-1,9
4e5d643b2f,-1,-1,0
4d9b845652,-1,-1,1
9a4f625408,-1,-1,2
730eee262c,-1,-1,3
528cb6678c,-1,-1,4
8c976149d0,-1,-1,5
2388b3eb40,-1,-1,6
1724889841,-1,-1,7
5c8ce5869b,-1,-1,8
2f493f72ff,-1,-1,9
b6aa5c7ab4,-1,-1,0
a60daba969,-1,-1,1
b6604d4bd6,-1,-1,2
911efbb175,-1,-1,3
67dfa4bcf5,-1,-1,4
54dd074cd7,-1,-1,5
cef03959d8,-1,-1,6
fb14beb69f,-1,-1,7
51846d4c96,-1,-1,8
7d8e29261b,-1,-1,9
6e3634da35,-1,-1,0
613fb95edf,-1,-1,1
da02c9184d,-1,-1,2
a2da67afff,-1,-1,3
8c8c2012e7,-1,-1,4
0ee8a744eb,-1,-1,5
76ae1014bd,-1,-1,6
1623de321c,-1,-1,7
8ec207d7df,-1,-1,8
430ef30e87,-1,-1,9
1c687fea93,-1,-1,0
4a12baccc4,-1,-1,1
b2f87059da,-1,-1,2
858f01d368,-1,-1,3
35ba6f2faf,-1,-1,4
9494906f54,-1,-1,5
9dde6475f9,-1,-1,6
e0cfbbcb0c,-1,-1,7
e060d5ca41,-1,-1,8
c353af5098,-1,-1,9
b354751edd,-1,-1,0
28f6f52c8f,-1,-1,1
aff87f7ba7,-1,-1,2
80694aa70f,-1,-1,3
645abba5ec,-1,-1,4
930cbb8ccb,-1,-1,5
1f1cc6b3a4,-1,-1,6
790f497dc8,-1,-1,7
40aaac97b1,-1,-1,8
2fe0292eea,-1,-1,9
7140b36ff6,-1,-1,0
87afd4b1ca,-1,-1,1
86bc03a8a6,-1,-1,2
624bd59549,-1,-1,3
f28b483859,-1,-1,4
822043d604,-1,-1,5
9737133eff,-1,-1,6
c1ed7e8344,-1,-1,7
a05ae39815,-1,-1,8
1fec8e839a,-1,-1,9
35fd991255,-1,-1,0
2e035505d6,-1,-1,1
6306dd3a8e,-1,-1,2
34e51dba6a,-1,-1,3
816c9d6d5d,-1,-1,4
07bb074759,-1,-1,5
2fa889172a,-1,-1,6
976fcded4d,-1,-1,7
25bd98aec3,-1,-1,8
1621c14879,-1,-1,9
6a6b42a6f2,-1,-1,0
c6648ea2ca,-1,-1,1
937ea43a65,-1,-1,2
cff87534c4,-1,-1,3
5ef096aeac,-1,-1,4
1a8a17f220,-1,-1,5
ee7ff3b2fe,-1,-1,6
6f79e6d54b,-1,-1,7
af296d1c0a,-1,-1,8
7588e9645a,-1,-1,9
6da01cc490,-1,-1,0
9f4001d8ea,-1,-1,1
5c28eec331,-1,-1,2
2425501bf4,-1,-1,3
3662fffe30,-1,-1,4
bab30e51b8,-1,-1,5
86866ba71d,-1,-1,6
d2bd2fe97f,-1,-1,7
92c91d1494,-1,-1,8
6ddd6a2ec1,-1,-1,9
8f5af7f42a,-1,-1,0
adf2a57778,-1,-1,1
59597a8431,-1,-1,2
a9ee40cf0d,-1,-1,3
e340e7bfca,-1,-1,4
dc4a1c9a30,-1,-1,5
fb3392fee0,-1,-1,6
22a889c9fc,-1,-1,7
6e1444d88d,-1,-1,8
7db7a5fb8f,-1,-1,9
cabe5c94b2,-1,-1,0
93d21b7636,-1,-1,1
f1774ff8e8,-1,-1,2
af71ca4ab3,-1,-1,3
6a7506aa1e,-1,-1,4
f2f67e14a6,-1,-1,5
a5005ea567,-1,-1,6
a7a124fff5,-1,-1,7
077cb8696f,-1,-1,8
6f438c26f8,-1,-1,9
33820f50d8,-1,-1,0
4c8132dc73,-1,-1,1
d97f94a2dd,-1,-1,2
fd9db12ca0,-1,-1,3
bfd1d7caa1,-1,-1,4
23c72b10cb,-1,-1,5
93b8ec180f,-1,-1,6
492383a53b,-1,-1,7
c8404c2d4f,-1,-1,8
c1190c9c37,-1,-1,9
ca58996278,-1,-1,0
62aad7556c,-1,-1,1
1aef65e24b,-1,-1,2
2993a272be,-1,-1,3
084d3ed9c8,-1,-1,4
bd4f797d33,-1,-1,5
c83d9529bd,-1,-1,6
5990041346,-1,-1,7
7a817b12b4,-1,-1,8
ddd0be8fd5,-1,-1,9
ab18a0a7fa,-1,-1,0
8ddaea54ce,-1,-1,1
190febf6cd,-1,-1,2
ced8d25446,-1,-1,3
83be4b6836,-1,-1,4
0fcbd0567b,-1,-1,5
d4d34af4f7,-1,-1,6
98b1f3fb9c,-1,-1,7
1167a2bec9,-1,-1,8
70c7bb7616,-1,-1,9
4f30a97219,-1,-1,0
b6ebc3831e,-1,-1,1
884400b2e8,-1,-1,2
9b31db4e58,-1,-1,3
0558ee87d3,-1,-1,4
0f4637e4b7,-1,-1,5
1abe5e8a3d,-1,-1,6
5f45291a7a,-1,-1,7
70db04a203,-1,-1,8
1017084680,-1,-1,9
c9f7f4020f,-1,-1,0
9db11d4414,-1,-1,1
2f20c083c2,-1,-1,2
c4b05c2eaa,-1,-1,3
a5299290bb,-1,-1,4
0dcf4a11a6,-1,-1,5
e7f63a219f,-1,-1,6
12e859e91d,-1,-1,7
5ad7172ca7,-1,-1,8
ce16b0d0bc,-1,-1,9
ebacf0e713,-1,-1,0
d514a30db3,-1,-1,1
d916ac7864,-1,-1,2
e26c381bd4,-1,-1,3
90b1a59d1b,-1,-1,4
6da04e4c20,-1,-1,5
24a8ae9bb9,-1,-1,6
3eabf280ed,-1,-1,7
7df36788a9,-1,-1,8
a8e5845bf9,-1,-1,9
9a91290888,-1,-1,0
821e0217f0,-1,-1,1
f566a7cbc6,-1,-1,2
4d7b42314d,-1,-1,3
12a953a079,-1,-1,4
fb5adc8df0,-1,-1,5
894d0e63f5,-1,-1,6
93f8f9e663,-1,-1,7
0ea5ea6946,-1,-1,8
6957579961,-1,-1,9
0b176124c4,-1,-1,0
7e9e46174c,-1,-1,1
3b9586e2ff,-1,-1,2
1befe1ba44,-1,-1,3
4b873df7a2,-1,-1,4
115ee54da8,-1,-1,5
90990cd2ba,-1,-1,6
b2899a1188,-1,-1,7
65d05b81c6,-1,-1,8
a48b9989ac,-1,-1,9
a659530342,-1,-1,0
5343d4837c,-1,-1,1
296a04bc06,-1,-1,2
b2958f2747,-1,-1,3
57293a65d5,-1,-1,4
1b2daa0f13,-1,-1,5
681ee85a7b,-1,-1,6
a7000441e9,-1,-1,7
dc7c506beb,-1,-1,8
a24080b4a0,-1,-1,9
6a6ebb2255,-1,-1,0
fcbc5cef9d,-1,-1,1
c112748161,-1,-1,2
5a6f57c150,-1,-1,3
c9a1fd48f6,-1,-1,4
a0ea88f6a5,-1,-1,5
0d3b5ec2a8,-1,-1,6
7568a9474e,-1,-1,7
07ac7e530f,-1,-1,8
20b11dcfb8,-1,-1,9
04182ced8e,-1,-1,0
ac7df612ff,-1,-1,1
941d0865da,-1,-1,2
32273eef45,-1,-1,3
553733b17b,-1,-1,4
a7254b3aa6,-1,-1,5
0429d9759b,-1,-1,6
cbe33c57c4,-1,-1,7
e98557c9f3,-1,-1,8
c58124fdc4,-1,-1,9
465f93cd9c,-1,-1,0
11bfb46a23,-1,-1,1
01c033e116,-1,-1,2
25e4b6fd77,-1,-1,3
d7215eb198,-1,-1,4
287aea3a3b,-1,-1,5
d145884178,-1,-1,6
e92f67b3c7,-1,-1,7
bc3156b1e4,-1,-1,8
e0b778dacd,-1,-1,9
7fd5baaee8,-1,-1,0
85c191c52c,-1,-1,1
fbb8eba26d,-1,-1,2
1267729ffd,-1,-1,3
10a1a5b78f,-1,-1,4
74ab2a9b1a,-1,-1,5
f2f0278d02,-1,-1,6
f0e99e9761,-1,-1,7
923249032c,-1,-1,8
2f4fb95bb7,-1,-1,9
ee5c6d6639,-1,-1,0
eec46ec66b,-1,-1,1
87d58438cc,-1,-1,2
d9e45a7fab,-1,-1,3
8c9a0ea088,-1,-1,4
668b41c03e,-1,-1,5
9a4864ff06,-1,-1,6
0532916483,-1,-1,7
0cf7155eb6,-1,-1,8
92895cb54f,-1,-1,9
f9b7196dfc,-1,-1,0
e0751c41fd,-1,-1,1
8a02b4a1b7,-1,-1,2
1b61e02423,-1,-1,3
ccd6841e90,-1,-1,4
930c8dd0e4,-1,-1,5
b966734278,-1,-1,6
ad6e3961d4,-1,-1,7
489a8fd021,-1,-1,8
6a0f5a8b42,-1,-1,9
10e1c8e23a,-1,-1,0
2bfa664017,-1,-1,1
be1c8cbf1f,-1,-1,2
a826a7a9a4,-1,-1,3
19e749d0b1,-1,-1,4
f9ef613aec,-1,-1,5
f30c36bf6b,-1,-1,6
519cc2a871,-1,-1,7
368767c9fd,-1,-1,8
b095375d19,-1,-1,9
f3ee165cd0,-1,-1,0
36db23ceb8,-1,-1,1
2380664922,-1,-1,2
106e4043ba,-1,-1,3
99b602dde4,-1,-1,4
ad76d4cd21,-1,-1,5
00950d1627,-1,-1,6
f641699848,-1,-1,7
5991bd3f1b,-1,-1,8
6c793e5879,-1,-1,9
df8c73e52b,-1,-1,0
c47c5ea1c3,-1,-1,1
20ed65cbf8,-1,-1,2
a49edf33ae,-1,-1,3
03511989ac,-1,-1,4
7616ee06bd,-1,-1,5
6cf284fb9e,-1,-1,6
b0d8f26ad8,-1,-1,7
97e2c6b5c5,-1,-1,8
b8a9602e21,-1,-1,9
8686b3a5d4,-1,-1,0
cae1a9f23f,-1,-1,1
6b996daecc,-1,-1,2
ec5db065d9,-1,-1,3
e6f86c83e2,-1,-1,4
e23a93a95e,-1,-1,5
5d7424eab2,-1,-1,6
91823ecb1f,-1,-1,7
881bfee759,-1,-1,8
66c603a013,-1,-1,9
33ba7dd9a1,-1,-1,0
91bfe61493,-1,-1,1
942d3bfbf3,-1,-1,2
e358121d19,-1,-1,3
078f36a006,-1,-1,4
0589f557d7,-1,-1,5
3a3e1e824d,-1,-1,6
877d1a7ebe,-1,-1,7
4ef0559016,-1,-1,8
7eb42fe5ec,-1,-1,9
4319885cf1,-1,-1,0
ec857f4518,-1,-1,1
0eacc93ff3,-1,-1,2
3a58606814,-1,-1,3
575d24d81d,-1,-1,4
7205efa791,-1,-1,5
3c2ea1a63f,-1,-1,6
ec50263c20,-1,-1,7
4a5595076f,-1,-1,8
cdc7d77e77,-1,-1,9
a27e64c2f7,-1,-1,0
fdd73141d6,-1,-1,1
9e8e175c01,-1,-1,2
a78e36d77b,-1,-1,3
3ff3881428,-1,-1,4
30cb1002fb,-1,-1,5
0df9f16bc9,-1,-1,6
4ad8a63538,-1,-1,7
90f37a2a28,-1,-1,8
638d8572e9,-1,-1,9
8270908d6a,-1,-1,0
f0ea2421f0,-1,-1,1
b8525600cf,-1,-1,2
d9a52dc263,-1,-1,3
dd11ae96e3,-1,-1,4
aede306d15,-1,-1,5
9747413253,-1,-1,6
8d4ba8fd28,-1,-1,7
e5df7166bc,-1,-1,8
849ccdf3af,-1,-1,9
73c6a1ede1,-1,-1,0
fbc9a1149e,-1,-1,1
3116a9d54c,-1,-1,2
b8f76a8e5f,-1,-1,3
15d079a8e8,-1,-1,4
5aee63c515,-1,-1,5
4f02bab289,-1,-1,6
ba1ae7a6c7,-1,-1,7
e366f9d62b,-1,-1,8
6d93c0a95e,-1,-1,9
fdff017e77,-1,-1,0
30307d5103,-1,-1,1
1a72cc3d3e,-1,-1,2
5446a64ba5,-1,-1,3
2fa330e8fd,-1,-1,4
1b71d67404,-1,-1,5
958a3dd464,-1,-1,6
4b0bf2f4a1,-1,-1,7
7af5b00299,-1,-1,8
52667992f8,-1,-1,9
7aef9898fa,-1,-1,0
3cc59342bd,-1,-1,1
c37e74bffc,-1,-1,2
158765ed16,-1,-1,3
2e69b6eb16,-1,-1,4
30badffdd5,-1,-1,5
5d07e84138,-1,-1,6
b525824dfc,-1,-1,7
2a9190ed84,-1,-1,8
b33771a471,-1,-1,9
1435d5602c,-1,-1,0
a962f4c9b6,-1,-1,1
5cada3d3f1,-1,-1,2
52e7de7430,-1,-1,3
236a5cc090,-1,-1,4
ce06c157c1,-1,-1,5
6397715bb4,-1,-1,6
fbf64b5ea0,-1,-1,7
3ced3ed63e,-1,-1,8
31aaa04c63,-1,-1,9
0a7e067255,-1,-1,0
c8adc706f5,-1,-1,1
50290e75f9,-1,-1,2
4cfee4b097,-1,-1,3
eff595dbcc,-1,-1,4
af84304233,-1,-1,5
548887f17d,-1,-1,6
df5df272fb,-1,-1,7
9eb4a10b98,-1,-1,8
31683f8a18,-1,-1,9
2f5377ea9d,-1,-1,0
66073ddce1,-1,-1,1
a0219e8fa4,-1,-1,2
670d9655d5,-1,-1,3
fa59461848,-1,-1,4
9b29ca561d,-1,-1,5
b6520147bb,-1,-1,6
05a61e5799,-1,-1,7
443985b709,-1,-1,8
1bd1c8c771,-1,-1,9
48b63017da,-1,-1,0
0df375dc9c,-1,-1,1
ab5fe4fea8,-1,-1,2
d991b7a689,-1,-1,3
a7fa6dd049,-1,-1,4
e9d39cddd7,-1,-1,5
f950879320,-1,-1,6
55a49950a0,-1,-1,7
07e08eee37,-1,-1,8
086deb3ccb,-1,-1,9
78f17697f2,-1,-1,0
eb38db5443,-1,-1,1
361d5e6834,-1,-1,2
aba57f0f2c,-1,-1,3
5fa536d1fd,-1,-1,4
66891ec970,-1,-1,5
f625984494,-1,-1,6
052de39787,-1,-1,7
d8bed49320,-1,-1,8
a854446118,-1,-1,9
10f24c23af,-1,-1,0
e3cded005d,-1,-1,1
dfc8a378b7,-1,-1,2
aa97ecda8e,-1,-1,3
fba32825cd,-1,-1,4
fd63516ff4,-1,-1,5
216e2a7492,-1,-1,6
ee94d2281f,-1,-1,7
0898e36ee6,-1,-1,8
d17f801011,-1,-1,9
572cb220d2,-1,-1,0
6b5b7c0ff3,-1,-1,1
39a5b5f33a,-1,-1,2
216aa6275d,-1,-1,3
6af48dfcdd,-1,-1,4
be90ab3e56,-1,-1,5
a536f382ec,-1,-1,6
3276e900a7,-1,-1,7
6dfaae4996,-1,-1,8
cd6140444f,-1,-1,9
3e87545802,-1,-1,0
1a2d060823,-1,-1,1
eabed5b2b4,-1,-1,2
cdf9422054,-1,-1,3
8c38199b15,-1,-1,4
dd81358234,-1,-1,5
b183b2ddc4,-1,-1,6
8d839a365b,-1,-1,7
fc87224914,-1,-1,8
1ac058f0a4,-1,-1,9
0fb7b2772a,-1,-1,0
3df62de11d,-1,-1,1
0deadce8f1,-1,-1,2
bfbea83faa,-1,-1,3
eeef52be31,-1,-1,4
4f6328bf93,-1,-1,5
578b502c6d,-1,-1,6
86fe531971,-1,-1,7
80a458a2b6,-1,-1,8
452b06b003,-1,-1,9
a2a9c0c00a,-1,-1,0
3c1d07fc67,-1,-1,1
d1665744c3,-1,-1,2
32afbf53f6,-1,-1,3
3e8b5729dc,-1,-1,4
6d2a5a2fe2,-1,-1,5
67bc6ac1f4,-1,-1,6
ae6b6df24d,-1,-1,7
812c804456,-1,-1,8
56ac5605d2,-1,-1,9
e1c6994595,-1,-1,0
376e55e566,-1,-1,1
b552fb0d9d,-1,-1,2
14152a6731,-1,-1,3
10833853b3,-1,-1,4
999cb0ea3b,-1,-1,5
ed60e1c64a,-1,-1,6
fc250f574c,-1,-1,7
33f32ff406,-1,-1,8
8ee20f502e,-1,-1,9
4be0764138,-1,-1,0
dce4c70a99,-1,-1,1
7b078e7517,-1,-1,2
b9bb1b7b3f,-1,-1,3
16207869ba,-1,-1,4
5f8f40ce31,-1,-1,5
23b7bf14c5,-1,-1,6
b5b767492b,-1,-1,7
a042e73fee,-1,-1,8
1b8d100712,-1,-1,9
116bd22fd0,-1,-1,0
ef6229f0db,-1,-1,1
8b11113861,-1,-1,2
aa9eb3a110,-1,-1,3
77c071c12d,-1,-1,4
c78996aa02,-1,-1,5
ea9dfe6f60,-1,-1,6
4a11c0f4ad,-1,-1,7
f2598805e6,-1,-1,8
76e1428103,-1,-1,9
ae96972c1a,-1,-1,0
5e58ed4adb,-1,-1,1
8367b54eac,-1,-1,2
3c66e5ab54,-1,-1,3
4702cdd4f0,-1,-1,4
25f532d7cc,-1,-1,5
efec1f093e,-1,-1,6
a568cc8273,-1,-1,7
6e72c79c29,-1,-1,8
7de95e0115,-1,-1,9
24d67576d0,-1,-1,0
53de66df2a,-1,-1,1
45a7562dbf,-1,-1,2
f992390442,-1,-1,3
76761b2a41,-1,-1,4
cc15d94784,-1,-1,5
3ec0423139,-1,-1,6
9ca520f895,-1,-1,7
fe801cdc47,-1,-1,8
f41a025b6c,-1,-1,9
92107f9559,-1,-1,0
060f14fcee,-1,-1,1
5c87971507,-1,-1,2
cd249859fa,-1,-1,3
7f99abfc11,-1,-1,4
84723e7793,-1,-1,5
3dc8ca137c,-1,-1,6
34831dcd0c,-1,-1,7
f87154ea7b,-1,-1,8
7709ec3c5d,-1,-1,9
78b2d05419,-1,-1,0
4ff5c5ef47,-1,-1,1
b172bd2032,-1,-1,2
1d2cd614be,-1,-1,3
ef58213c9b,-1,-1,4
29c033e8e4,-1,-1,5
989ac5a9de,-1,-1,6
f75842e215,-1,-1,7
19fdb270d6,-1,-1,8
e6ab700d15,-1,-1,9
e2063ce131,-1,-1,0
4279e747a0,-1,-1,1
fa2ebd1083,-1,-1,2
503aba826b,-1,-1,3
d8f80479ac,-1,-1,4
e6a78e36b5,-1,-1,5
7576a8a091,-1,-1,6
7c0447f939,-1,-1,7
9ca11c3696,-1,-1,8
1825fadf99,-1,-1,9
9ade7d33f2,-1,-1,0
a91bd88bc1,-1,-1,1
c93d0ecd1d,-1,-1,2
230226a446,-1,-1,3
aeebdd4350,-1,-1,4
3f76f25042,-1,-1,5
3e1c11cfa8,-1,-1,6
a7b1f4bae1,-1,-1,7
992572448c,-1,-1,8
4f5df40ab2,-1,-1,9
870be46a42,-1,-1,0
7145f7e956,-1,-1,1
dfa4d727b8,-1,-1,2
4e47ff086f,-1,-1,3
ce14d335bf,-1,-1,4
104ce199d8,-1,-1,5
533a731c99,-1,-1,6
18c4cdefec,-1,-1,7
f4ed280779,-1,-1,8
438443e0d3,-1,-1,9
8e9f2b9b61,-1,-1,0
690b1ce5f7,-1,-1,1
d3d19422ca,-1,-1,2
b890b261a0,-1,-1,3
ea1a6e1b33,-1,-1,4
d58653f803,-1,-1,5
c09f4e95e8,-1,-1,6
417833daa4,-1,-1,7
343b0359b5,-1,-1,8
d268ae57b5,-1,-1,9
e5a6b92463,-1,-1,0
021494f3aa,-1,-1,1
a39388bd3f,-1,-1,2
a65aa82e0a,-1,-1,3
1ee82dabee,-1,-1,4
6d4fca6a35,-1,-1,5
387b6956c4,-1,-1,6
9d354bc9e7,-1,-1,7
13483cd62a,-1,-1,8
fff4eb4941,-1,-1,9
cb2c20898a,-1,-1,0
2b30313d2c,-1,-1,1
829ebfbb32,-1,-1,2
c385af3da9,-1,-1,3
0926b7396b,-1,-1,4
4875705fb0,-1,-1,5
e37a3da5b2,-1,-1,6
ad29bc8923,-1,-1,7
f8ca1f5c5a,-1,-1,8
9466e21e0d,-1,-1,9
7d87ab4aa8,-1,-1,0
8a1aed2c83,-1,-1,1
7f0ee9c30a,-1,-1,2
de261976e6,-1,-1,3
fff2abcaf9,-1,-1,4
60698e8fd2,-1,-1,5
20894faad9,-1,-1,6
7faea04242,-1,-1,7
22e7cc183f,-1,-1,8
f454efbd20,-1,-1,9
03be56aa9a,-1,-1,0
d5023a3662,-1,-1,1
b6e57d954e,-1,-1,2
675fcfe29a,-1,-1,3
ec212b3d2d,-1,-1,4
44425dc49d,-1,-1,5
e099e54eee,-1,-1,6
de51e77a38,-1,-1,7
89165071a4,-1,-1,8
6994342067,-1,-1,9
4ebed82264,-1,-1,0
223e0c3942,-1,-1,1
07cbc65347,-1,-1,2
e5c26c8634,-1,-1,3
316074fdc4,-1,-1,4
f409d55fee,-1,-1,5
f599fad413,-1,-1,6
fa9da6a455,-1,-1,7
34f61e9a54,-1,-1,8
ff1e8ed948,-1,-1,9
d5a283c553,-1,-1,0
ac931ace49,-1,-1,1
c56524ded9,-1,-1,2
49a90688bf,-1,-1,3
1e2bad4d81,-1,-1,4
a554d2d4a3,-1,-1,5
6d9b6a2c4b,-1,-1,6
23eb8cfbc0,-1,-1,7
395e668f22,-1,-1,8
7410f440bb,-1,-1,9
608574722a,-1,-1,0
4b019a8354,-1,-1,1
afd0b385f2,-1,-1,2
0ad0876244,-1,-1,3
cffbfab33b,-1,-1,4
e2f397d206,-1,-1,5
81491224d7,-1,-1,6
6bc4c91c27,-1,-1,7
4630209118,-1,-1,8
5f98029612,-1,-1,9
28ad4e60c5,-1,-1,0
9c3383eb85,-1,-1,1
9ccf50ab0e,-1,-1,2
026f97575b,-1,-1,3
bb6683a533,-1,-1,4
37aa9fc79a,-1,-1,5
285f4b2e82,-1,-1,6
397f00cf61,-1,-1,7
d30e73de0c,-1,-1,8
9dc604318f,-1,-1,9
13adf02399,-1,-1,0
e082398595,-1,-1,1
ffb2ad3f94,-1,-1,2
8ce5996371,-1,-1,3
963210b127,-1,-1,4
52ae147d60,-1,-1,5
8b09c914be,-1,-1,6
1b0d74b359,-1,-1,7
657f2c34f7,-1,-1,8
3cf0203cfb,-1,-1,9
27f923aac9,-1,-1,0
7c0b76979f,-1,-1,1
9a6cf411ff,-1,-1,2
0841984941,-1,-1,3
58a51c861e,-1,-1,4
18e2325a5b,-1,-1,5
0b7b00ebfd,-1,-1,6
2a49169951,-1,-1,7
653c7e9f6c,-1,-1,8
b60fbb288b,-1,-1,9
9ecc1f5457,-1,-1,0
457d5edb4c,-1,-1,1
3ddb2ff7a4,-1,-1,2
9704b1ba61,-1,-1,3
97970b5e2c,-1,-1,4
d84e52cb6e,-1,-1,5
8b0d0b0633,-1,-1,6
0280deb8ae,-1,-1,7
8db9dc4a62,-1,-1,8
a2bce9d94a,-1,-1,9
728890d8f8,-1,-1,0
d66e51d456,-1,-1,1
28a1187a4e,-1,-1,2
80363d0458,-1,-1,3
63feb8de2b,-1,-1,4
3a5e5f4202,-1,-1,5
800daf6ac1,-1,-1,6
ee48914076,-1,-1,7
5ecf1f5cb4,-1,-1,8
eaeb630ff4,-1,-1,9
91b91fd79b,-1,-1,0
65ef110246,-1,-1,1
380dea2a5a,-1,-1,2
6682af0131,-1,-1,3
f429b8e6f8,-1,-1,4
182bfc6862,-1,-1,5
74fa9386ae,-1,-1,6
702209f0b3,-1,-1,7
638e7a825e,-1,-1,8
ab6dfe07be,-1,-1,9
05be75afd9,-1,-1,0
fa92bed2b1,-1,-1,1
8b01d00cb0,-1,-1,2
9267f6cf9c,-1,-1,3
2bd913a165,-1,-1,4
e1984bebe3,-1,-1,5
60a0ca8d0e,-1,-1,6
f1395b9e13,-1,-1,7
8c88cf3d22,-1,-1,8
b45f9383e9,-1,-1,9
8919be1266,-1,-1,0
db819c45e5,-1,-1,1
9ca84742ef,-1,-1,2
0642bbbc5f,-1,-1,3
a90545f377,-1,-1,4
228f9cee2e,-1,-1,5
14da113475,-1,-1,6
58d62862fa,-1,-1,7
f2c869e655,-1,-1,8
20658e781f,-1,-1,9
7d0b2f2046,-1,-1,0
e3755d5769,-1,-1,1
2ffe02e882,-1,-1,2
3c35e3ad94,-1,-1,3
3ed6d1c7df,-1,-1,4
a803fc87d1,-1,-1,5
25db231ea0,-1,-1,6
89e7c93d0c,-1,-1,7
25143d7837,-1,-1,8
40ccdfe09d,-1,-1,9
7d14f8cfe3,-1,-1,0
bdb9ba462f,-1,-1,1
071d5aa17f,-1,-1,2
6c6c1cbae9,-1,-1,3
abed119094,-1,-1,4
1770691c51,-1,-1,5
08993551ae,-1,-1,6
8f08f4e9f2,-1,-1,7
b8dea42e1a,-1,-1,8
3fc79d2ece,-1,-1,9
2b77f82b42,-1,-1,0
91a0ac314c,-1,-1,1
71d10659ad,-1,-1,2
87c6bf0012,-1,-1,3
287b0f197f,-1,-1,4
543f5887a2,-1,-1,5
7134e4acac,-1,-1,6
14dcf18fb6,-1,-1,7
748f8f4106,-1,-1,8
14a89a1840,-1,-1,9
834861f1b6,-1,-1,0
098c5f3e75,-1,-1,1
25845ace3d,-1,-1,2
5b72ade49e,-1,-1,3
c1f92fd149,-1,-1,4
ede36de5cc,-1,-1,5
53485dc0d9,-1,-1,6
e7a5e5e55f,-1,-1,7
62e72fe39a,-1,-1,8
74f00bb214,-1,-1,9
ad3c6dd8d4,-1,-1,0
9e966d733c,-1,-1,1
c70153909b,-1,-1,2
54cfa66336,-1,-1,3
78be8270bb,-1,-1,4
8bc707feee,-1,-1,5
f7c147ac61,-1,-1,6
a1e32a6815,-1,-1,7
2f35ac4b87,-1,-1,8
88a4200cec,-1,-1,9
b342a4959d,-1,-1,0
76b4df03dd,-1,-1,1
2d20ee4eff,-1,-1,2
43a9c21cea,-1,-1,3
d3f3db7bd1,-1,-1,4
ff9d2e9ba7,-1,-1,5
e437c3912d,-1,-1,6
6150f39f8d,-1,-1,7
df344e0599,-1,-1,8
abe74273c8,-1,-1,9
59dfd4c7e5,-1,-1,0
ae61c09508,-1,-1,1
4a5dd4ab45,-1,-1,2
d583d291ea,-1,-1,3
6252a820da,-1,-1,4
894b9ae774,-1,-1,5
916aff36ae,-1,-1,6
b2d7897c35,-1,-1,7
dd580d1681,-1,-1,8
28f865caaa,-1,-1,9
99aefa9443,-1,-1,0
6457057cec,-1,-1,1
88839f49f9,-1,-1,2
1931feb9b8,-1,-1,3
2615b5210d,-1,-1,4
cb36193e2f,-1,-1,5
19cc342b91,-1,-1,6
a7a87180a3,-1,-1,7
154948ae6d,-1,-1,8
e2dd6ebd6b,-1,-1,9
73a2f6fb22,-1,-1,0
8a4671cb47,-1,-1,1
5f8b4540fd,-1,-1,2
99d3fbf9f1,-1,-1,3
0a19821a16,-1,-1,4
63e32c0cfb,-1,-1,5
2f746f8726,-1,-1,6
7812fc8116,-1,-1,7
5cefe5b52c,-1,-1,8
abd889c82f,-1,-1,9
e27400528c,-1,-1,0
ef654c1b73,-1,-1,1
12c92c9f70,-1,-1,2
ea3cdbd7cd,-1,-1,3
3b5e9c6e05,-1,-1,4
b92b11b3a4,-1,-1,5
755c1e849f,-1,-1,6
92a20ccbe2,-1,-1,7
32887c2719,-1,-1,8
b3f6affa39,-1,-1,9
f121c06f1f,-1,-1,0
a8e4e6ddec,-1,-1,1
c5c4479af6,-1,-1,2
66b4280f4e,-1,-1,3
cc6abe337d,-1,-1,4
7c6a2df039,-1,-1,5
930dcd571a,-1,-1,6
b937f4558c,-1,-1,7
b5bdff9392,-1,-1,8
0bca43f7ff,-1,-1,9
f62410bce9,-1,-1,0
4766b51055,-1,-1,1
f1cdcb9883,-1,-1,2
64e79513a3,-1,-1,3
12e94a5a08,-1,-1,4
9f459445b6,-1,-1,5
466548defe,-1,-1,6
dab1d67df7,-1,-1,7
7a095f0b21,-1,-1,8
b7c1e2a377,-1,-1,9
a1b5786252,-1,-1,0
a849a4e373,-1,-1,1
cc97e87765,-1,-1,2
be18a24c49,-1,-1,3
7fa6578978,-1,-1,4
36aa21019e,-1,-1,5
c58b6277c7,-1,-1,6
7f1d5f223c,-1,-1,7
3ce41108fe,-1,-1,8
7a696bb878,-1,-1,9
1f33387a8e,-1,-1,0
9fac28f3df,-1,-1,1
9917602913,-1,-1,2
2af240d261,-1,-1,3
ddcb1ad560,-1,-1,4
89a74723fd,-1,-1,5
34d2af0f86,-1,-1,6
c230cf2a94,-1,-1,7
c593c662f1,-1,-1,8
25e519b494,-1,-1,9
f342603c76,-1,-1,0
f0d15c63c5,-1,-1,1
ede9c03a6f,-1,-1,2
a33ef5ed68,-1,-1,3
dfe111dace,-1,-1,4
944b46458e,-1,-1,5
a56e87840f,-1,-1,6
4743e3bf8d,-1,-1,7
c073b8930c,-1,-1,8
8ae916bb5c,-1,-1,9
c20c019650,-1,-1,0
27efc3195e,-1,-1,1
5bf5d82829,-1,-1,2
c137712b61,-1,-1,3
3406ef6042,-1,-1,4
4f3368a855,-1,-1,5
a531b78648,-1,-1,6
7f01757d4c,-1,-1,7
231fc4e8e5,-1,-1,8
85670a7093,-1,-1,9
a4ae0c0e35,-1,-1,0
a0b1d96545,-1,-1,1
d7398cfded,-1,-1,2
fccf774196,-1,-1,3
802df9bb5e,-1,-1,4
0f20f0242c,-1,-1,5
aa56279e8f,-1,-1,6
2da8da57e1,-1,-1,7
e93ddc6ba7,-1,-1,8
9bf022776e,-1,-1,9
640ceb328a,-1,-1,0
9b450671aa,-1,-1,1
94e7558e32,-1,-1,2
6f78817a2d,-1,-1,3
5f48c8c123,-1,-1,4
963189b39c,-1,-1,5
792929a4c8,-1,-1,6
b9afd7b728,-1,-1,7
6dea52e54d,-1,-1,8
f2259e86f4,-1,-1,9
abfed46705,-1,-1,0
e24e9afdd1,-1,-1,1
9b09626522,-1,-1,2
cb2698f715,-1,-1,3
7f30236ca4,-1,-1,4
180d2ec2cc,-1,-1,5
04e7e791e2,-1,-1,6
ec10996820,-1,-1,7
eead2fc101,-1,-1,8
b4e8386ff1,-1,-1,9
b9bf0422a6,-1,-1,0
a245c6d001,-1,-1,1
d422a9eb8f,-1,-1,2
03c9b5ffe8,-1,-1,3
5f1df5e4a8,-1,-1,4
2c707479f9,-1,-1,5
7ec803b58a,-1,-1,6
d369e6b550,-1,-1,7
2d5f4b0213,-1,-1,8
dca3f5ce34,-1,-1,9
06289f69f8,-1,-1,0
836eedd4a7,-1,-1,1
b540435ae7,-1,-1,2
c313a1ad7d,-1,-1,3
c1503fb0ec,-1,-1,4
5b435fad9d,-1,-1,5
2d4e7a937b,-1,-1,6
0cc1d0e4c4,-1,-1,7
cf11876547,-1,-1,8
9bf8a38b92,-1,-1,9
1cc428e57e,-1,-1,0
9472731dfd,-1,-1,1
08bafa2eee,-1,-1,2
9053aa6508,-1,-1,3
fe9e558605,-1,-1,4
d6cba9f9de,-1,-1,5
ace37eaaf9,-1,-1,6
9c6f8e4676,-1,-1,7
537f18bd97,-1,-1,8
6040cbf086,-1,-1,9
d9457c3b1c,-1,-1,0
5187e13789,-1,-1,1
6d593a19d1,-1,-1,2
407bd44d31,-1,-1,3
a685e6f87e,-1,-1,4
aebff18bf9,-1,-1,5
423800be38,-1,-1,6
64bfdd0b9a,-1,-1,7
7ec58d0743,-1,-1,8
70c8e14243,-1,-1,9
8d2e68312e,-1,-1,0
1821c518da,-1,-1,1
a2b7af2907,-1,-1,2
494daad56b,-1,-1,3
0b7459a0af,-1,-1,4
5fe599e1a5,-1,-1,5
1ab49f29e9,-1,-1,6
db9bb00470,-1,-1,7
bbb762835a,-1,-1,8
97a10a3ba0,-1,-1,9
29ea4f92c3,-1,-1,0
23a7afcb36,-1,-1,1
594712691d,-1,-1,2
89562d9f7d,-1,-1,3
d17eee846e,-1,-1,4
c2973c16f1,-1,-1,5
9d7165c9c0,-1,-1,6
e5a8368ee6,-1,-1,7
39a05bf91f,-1,-1,8
7a2eebff84,-1,-1,9
885c2a90f5,-1,-1,0
d9d06aa699,-1,-1,1
46f402dcd5,-1,-1,2
f1b1f57aee,-1,-1,3
0c089f7c1b,-1,-1,4
699608ddb7,-1,-1,5
caa039b231,-1,-1,6
7a6d32bcae,-1,-1,7
d3c3988e54,-1,-1,8
25f2e30c66,-1,-1,9
980570ed7e,-1,-1,0
770af4e501,-1,-1,1
cde14bb8d2,-1,-1,2
113b017a91,-1,-1,3
4bd876a71c,-1,-1,4
782ae9b7e7,-1,-1,5
440534c8dd,-1,-1,6
71f6fcb48a,-1,-1,7
fc4c223773,-1,-1,8
7e7276d088,-1,-1,9
7187f4c02c,-1,-1,0
3577258d6b,-1,-1,1
9ce55dc2c9,-1,-1,2
651b2c01bc,-1,-1,3
7e26f45eb9,-1,-1,4
04c48c9743,-1,-1,5
38232d1fe3,-1,-1,6
0ec68b2e42,-1,-1,7
db32e0961b,-1,-1,8
d885813aa8,-1,-1,9
6f5c2712b1,-1,-1,0
dc0119712d,-1,-1,1
31b1314c62,-1,-1,2
5e98f349f3,-1,-1,3
2eea9d51a4,-1,-1,4
8d28e714e3,-1,-1,5
bb9af788f8,-1,-1,6
d465b396f2,-1,-1,7
c571804a93,-1,-1,8
b74ecdfe20,-1,-1,9
a1585a58b8,-1,-1,0
886c96ffb8,-1,-1,1
a12d2c10a9,-1,-1,2
762c7d7084,-1,-1,3
7ec97427ca,-1,-1,4
b9614348f4,-1,-1,5
d0244d6c38,-1,-1,6
24bf79cd1e,-1,-1,7
c60eaa0c75,-1,-1,8
e51bea30d0,-1,-1,9
18449e54f8,-1,-1,0
e1323691be,-1,-1,1
cafb1294ae,-1,-1,2
dc710565e6,-1,-1,3
d0e720b57b,-1,-1,4
1afddc8196,-1,-1,5
2d8a3a262b,-1,-1,6
0280db420c,-1,-1,7
26382e2d1f,-1,-1,8
ab767aef7f,-1,-1,9
dc4bf302e8,-1,-1,0
cadfbf8011,-1,-1,1
9c30bb0a5f,-1,-1,2
a6c2605919,-1,-1,3
d7f48d294e,-1,-1,4
2af3c055b2,-1,-1,5
25c415e373,-1,-1,6
99bf605daa,-1,-1,7
acb95dd7c9,-1,-1,8
c202c25557,-1,-1,9
ed081aa065,-1,-1,0
a87eb66a65,-1,-1,1
06a361fc57,-1,-1,2
363a171d90,-1,-1,3
48940ae0b0,-1,-1,4
07a81dccdc,-1,-1,5
d3be640ed4,-1,-1,6
5a02df7676,-1,-1,7
f21593cfa8,-1,-1,8
bd7b74689d,-1,-1,9
734df57cdf,-1,-1,0
b448f0fae6,-1,-1,1
8d9b8d724a,-1,-1,2
8f1d6045fb,-1,-1,3
fe85864f8f,-1,-1,4
853e89d0d3,-1,-1,5
3ad9500e43,-1,-1,6
b8b3f26ad4,-1,-1,7
8cbefc189e,-1,-1,8
7977cbab6f,-1,-1,9
9898ce93d6,-1,-1,0
db840e1e22,-1,-1,1
114daa1bed,-1,-1,2
fe0ff502fb,-1,-1,3
00cda0328c,-1,-1,4
ef51bbcde7,-1,-1,5
b0a18e86c7,-1,-1,6
5e0d2e6c25,-1,-1,7
5ec6db5c9d,-1,-1,8
cab2f6614c,-1,-1,9
4bb8260218,-1,-1,0
6092afaec7,-1,-1,1
6d1afa9d46,-1,-1,2
ea1332b03d,-1,-1,3
73f58ba609,-1,-1,4
41e2137184,-1,-1,5
675cab373f,-1,-1,6
868e7a70ae,-1,-1,7
0fd38464c3,-1,-1,8
6ee755c67d,-1,-1,9
e9909298a9,-1,-1,0
a898892737,-1,-1,1
296de39be2,-1,-1,2
b1dc23a427,-1,-1,3
1a28f06897,-1,-1,4
26a76b910c,-1,-1,5
a4a2921863,-1,-1,6
a317a82463,-1,-1,7
abd1e3e008,-1,-1,8
be565e046b,-1,-1,9
d274664a41,-1,-1,0
41895b0f40,-1,-1,1
4d684d99cc,-1,-1,2
a8be31a3c1,-1,-1,3
c824b8afaa,-1,-1,4
351ea99ec3,-1,-1,5
2b76b47947,-1,-1,6
2a5805ad13,-1,-1,7
a43ca2ef73,-1,-1,8
1ad819c49a,-1,-1,9
ad5454050e,-1,-1,0
71a5b1da57,-1,-1,1
eb3a40225e,-1,-1,2
3f8634704b,-1,-1,3
3187bf5c2d,-1,-1,4
bfbb9b9149,-1,-1,5
7b4ccb8113,-1,-1,6
2fb6791298,-1,-1,7
a7bc02b7d4,-1,-1,8
28948eeb9c,-1,-1,9
5c70da6c2d,-1,-1,0
5559e0ceab,-1,-1,1
44047c3e10,-1,-1,2
8d3ee9356b,-1,-1,3
51d1696054,-1,-1,4
7ec64d2b8e,-1,-1,5
09b9330300,-1,-1,6
0d19f89dc9,-1,-1,7
57e394bc67,-1,-1,8
0829b44678,-1,-1,9
a21ae8cb6b,-1,-1,0
0c376f6728,-1,-1,1
c038f6fbe4,-1,-1,2
cc2da77c17,-1,-1,3
4520536c03,-1,-1,4
d4acb30303,-1,-1,5
5970137a1e,-1,-1,6
feadf0e85d,-1,-1,7
c0aa0c7b66,-1,-1,8
9cf8fe7f96,-1,-1,9
86365721e2,-1,-1,0
e1cb177740,-1,-1,1
bfb0e22b53,-1,-1,2
97adf32d4d,-1,-1,3
97b058f254,-1,-1,4
1c6f7aac78,-1,-1,5
9e7d89d4c0,-1,-1,6
9031ddc924,-1,-1,7
3984ed8d4e,-1,-1,8
a98d950667,-1,-1,9
f5d1176e33,-1,-1,0
a4442fef48,-1,-1,1
fdc1ac926a,-1,-1,2
705eb5d67a,-1,-1,3
808cbefd71,-1,-1,4
b052410a6a,-1,-1,5
7d48474434,-1,-1,6
b097a1f9e0,-1,-1,7
ca393f0eaf,-1,-1,8
fff987cdb3,-1,-1,9
6a1fd3c67e,-1,-1,0
fd423b9cbf,-1,-1,1
7c7125fd12,-1,-1,2
66ced55b7d,-1,-1,3
57904adf94,-1,-1,4
0db1b4c199,-1,-1,5
bb697642ae,-1,-1,6
c0ef23e386,-1,-1,7
3f22f2ef0e,-1,-1,8
3281bb7282,-1,-1,9
855f399924,-1,-1,0
4e89a919ed,-1,-1,1
65e01bd65f,-1,-1,2
d6b87a521f,-1,-1,3
8ca104baef,-1,-1,4
a4fb7072d6,-1,-1,5
573f9f58c4,-1,-1,6
0115703825,-1,-1,7
e353ae4dd5,-1,-1,8
ca2e414e83,-1,-1,9
9447159eb7,-1,-1,0
09f0f1f414,-1,-1,1
9a4db0d7aa,-1,-1,2
52aa9a9703,-1,-1,3
4696bb53e6,-1,-1,4
2fc6fb555f,-1,-1,5
58de316918,-1,-1,6
465486e6ec,-1,-1,7
93a8901635,-1,-1,8
a5805697c1,-1,-1,9
877f9dd0a7,-1,-1,0
5d0a9c5b0e,-1,-1,1
65a55b69b7,-1,-1,2
2eca5f70b1,-1,-1,3
9694a662dc,-1,-1,4
69ee613976,-1,-1,5
83645a3b6f,-1,-1,6
5bffe3b52f,-1,-1,7
7fadb8efe8,-1,-1,8
cba568b15f,-1,-1,9
96998d1ad9,-1,-1,0
4210e9e5d3,-1,-1,1
abbfb56731,-1,-1,2
b63b23fdc9,-1,-1,3
7d963e0f5d,-1,-1,4
4e3ccf37ee,-1,-1,5
04f7a73f2b,-1,-1,6
9c4468a160,-1,-1,7
1075fa3200,-1,-1,8
82f186d2ac,-1,-1,9
74d7a9df8b,-1,-1,0
6ab003835b,-1,-1,1
2fe4adfd48,-1,-1,2
bcf322c1c0,-1,-1,3
09b7182dc5,-1,-1,4
06c2c49688,-1,-1,5
572f0b1ad8,-1,-1,6
36a6901cae,-1,-1,7
c23d957c59,-1,-1,8
3507f73405,-1,-1,9
cfb8e5c36e,-1,-1,0
27a240a570,-1,-1,1
4ac19fb269,-1,-1,2
9067effd34,-1,-1,3
97515a958d,-1,-1,4
299ef808f6,-1,-1,5
8650153427,-1,-1,6
af7e9d7648,-1,-1,7
7791af3409,-1,-1,8
e5a22d144d,-1,-1,9
1379940546,-1,-1,0
8f407b64ae,-1,-1,1
b833fdb882,-1,-1,2
af0e101aae,-1,-1,3
ad49962b22,-1,-1,4
d606f4a578,-1,-1,5
e86361f5d1,-1,-1,6
641ef8ba11,-1,-1,7
d629a56d3c,-1,-1,8
da0f021c5b,-1,-1,9
337b30caff,-1,-1,0
61bd2ee822,-1,-1,1
4c43d99f68,-1,-1,2
38063f77a8,-1,-1,3
5b7c160d0d,-1,-1,4
d2522cfc93,-1,-1,5
c72b546073,-1,-1,6
da84ed2423,-1,-1,7
6c45d80d1e,-1,-1,8
a149b73993,-1,-1,9
85e6b4cb1c,-1,-1,0
b749a000ea,-1,-1,1
84af757738,-1,-1,2
2ebe2eba03,-1,-1,3
1f50bc7a9f,-1,-1,4
a1dae195e7,-1,-1,5
ac90c088ee,-1,-1,6
44e3f20074,-1,-1,7
51acfd1399,-1,-1,8
5c33b65396,-1,-1,9
c156fd6d44,-1,-1,0
57f8b13094,-1,-1,1
184356736e,-1,-1,2
6c61beb5dd,-1,-1,3
d21e3d7843,-1,-1,4
bebae78c6a,-1,-1,5
89097ab99b,-1,-1,6
7ba58ee1be,-1,-1,7
0937b1df3f,-1,-1,8
0ebe3ee1ad,-1,-1,9
f0b5a05a6e,-1,-1,0
6edb010212,-1,-1,1
f42a7e65f2,-1,-1,2
b8236d92ff,-1,-1,3
691dc0bc42,-1,-1,4
3f5adbdcc7,-1,-1,5
9f3b8d0186,-1,-1,6
62e608259a,-1,-1,7
69cddf572c,-1,-1,8
a1e3e1af04,-1,-1,9
bd2a0b256c,-1,-1,0
f9629f4e29,-1,-1,1
aae8971d6e,-1,-1,2
203f6117be,-1,-1,3
a9e940dccd,-1,-1,4
669cb42011,-1,-1,5
70c92bc80f,-1,-1,6
bec8f132d0,-1,-1,7
4ee5d2c629,-1,-1,8
0f6e788cdd,-1,-1,9
2f8b36c386,-1,-1,0
48bb098115,-1,-1,1
44f2ea3584,-1,-1,2
5378360450,-1,-1,3
e8cf12563d,-1,-1,4
174ebb49df,-1,-1,5
2da763222e,-1,-1,6
e0dade9896,-1,-1,7
d2e14828d5,-1,-1,8
13037dfbb2,-1,-1,9
0adb490de5,-1,-1,0
775bc235d0,-1,-1,1
03a9a9f615,-1,-1,2
29b5ee6cf5,-1,-1,3
4d03329aa4,-1,-1,4
cbd42ee63f,-1,-1,5
9b656c339a,-1,-1,6
843447abe4,-1,-1,7
96523f824a,-1,-1,8
d3b6c08868,-1,-1,9
0aab0afa9c,-1,-1,0
9358b1fa7a,-1,-1,1
7547289453,-1,-1,2
bcae7b57ec,-1,-1,3
27870bb184,-1,-1,4
b11110b854,-1,-1,5
b345b1f290,-1,-1,6
32f1039c61,-1,-1,7
132e30cffd,-1,-1,8
9d23bc70b8,-1,-1,9
0b45bde756,-1,-1,0
6419fd454b,-1,-1,1
99c726d528,-1,-1,2
de7202d286,-1,-1,3
84242f42bc,-1,-1,4
2fbde8630d,-1,-1,5
321f21e02f,-1,-1,6
939879034e,-1,-1,7
5b2282b51e,-1,-1,8
1c0b2ceb2f,-1,-1,9
38178b0ded,-1,-1,0
8a29fd2ebe,-1,-1,1
e54c815e85,-1,-1,2
42b9ff31aa,-1,-1,3
1c20fc4477,-1,-1,4
fb1b82dde6,-1,-1,5
4c36178b41,-1,-1,6
f115ca6981,-1,-1,7
c4a681819d,-1,-1,8
f0e7e06354,-1,-1,9
a6f4e0f8b5,-1,-1,0
809ce44053,-1,-1,1
b35b1b412b,-1,-1,2
d538594e14,-1,-1,3
9e426ec524,-1,-1,4
5489a9e706,-1,-1,5
8ebceef687,-1,-1,6
1af44a9db0,-1,-1,7
a112a63d2d,-1,-1,8
d7f7a9f48a,-1,-1,9
1ac4fd8022,-1,-1,0
254efd9043,-1,-1,1
90946392e6,-1,-1,2
6c25735f24,-1,-1,3
623565cb2c,-1,-1,4
d3034e7a60,-1,-1,5
f9a3d103d7,-1,-1,6
2b160a1291,-1,-1,7
a4c734f1a8,-1,-1,8
010ee525b6,-1,-1,9
0ad38c8f25,-1,-1,0
dfae9e48e8,-1,-1,1
f78361aa48,-1,-1,2
d65973824b,-1,-1,3
47398efeb4,-1,-1,4
e799fcac15,-1,-1,5
1e4a233a70,-1,-1,6
b13f0dbc84,-1,-1,7
d2f131dba8,-1,-1,8
8c1d0929a2,-1,-1,9
d6987190ea,-1,-1,0
9258e48804,-1,-1,1
6e3c46c2d3,-1,-1,2
b3b37c152d,-1,-1,3
869f99406d,-1,-1,4
2b405e7016,-1,-1,5
8b0478ed02,-1,-1,6
d6379c1f18,-1,-1,7
6ecba60505,-1,-1,8
b80db32c01,-1,-1,9
8b0d16466b,-1,-1,0
a93c251217,-1,-1,1
c8bd99cbb0,-1,-1,2
1f8bf8c5d0,-1,-1,3
753371cca5,-1,-1,4
d768234bb5,-1,-1,5
39dd1c43bd,-1,-1,6
58135d5189,-1,-1,7
ea6f13458b,-1,-1,8
8daf098aa9,-1,-1,9
09152018c4,-1,-1,0
bf72590547,-1,-1,1
cd2046479c,-1,-1,2
919157e393,-1,-1,3
18ac660fbb,-1,-1,4
a9ab1afe01,-1,-1,5
2424f4afc7,-1,-1,6
875b087f1c,-1,-1,7
c7a92a6707,-1,-1,8
62d30854d7,-1,-1,9
69013a70ab,-1,-1,0
3c1ed5cc1f,-1,-1,1
c98dfd50ba,-1,-1,2
0822e176b2,-1,-1,3
1dbc694c5d,-1,-1,4
811ebdcc4b,-1,-1,5
5f397e0074,-1,-1,6
6fe4017680,-1,-1,7
5575337f66,-1,-1,8
09e29fbb74,-1,-1,9
a5375b180b,-1,-1,0
d6e2bb1586,-1,-1,1
63d3cf63be,-1,-1,2
9458b40464,-1,-1,3
16bee00afc,-1,-1,4
3c1097c378,-1,-1,5
324eb2ec65,-1,-1,6
48b8dda801,-1,-1,7
857e511397,-1,-1,8
c69962cd9d,-1,-1,9
3cd4d01b7d,-1,-1,0
6313ab72dc,-1,-1,1
0aabdb423e,-1,-1,2
3004f41177,-1,-1,3
e05db130be,-1,-1,4
9ca1ebe351,-1,-1,5
17be1887b9,-1,-1,6
87af5ec058,-1,-1,7
f5a92d1356,-1,-1,8
ebdbbb52b5,-1,-1,9
25bbbcd4a4,-1,-1,0
1804a4c064,-1,-1,1
1a5c093750,-1,-1,2
851498c095,-1,-1,3
badb3ea766,-1,-1,4
be6cf5cf86,-1,-1,5
cf706fb35a,-1,-1,6
0eb52aa52a,-1,-1,7
ec61b48efb,-1,-1,8
285b9ba056,-1,-1,9
7c6f76a267,-1,-1,0
19902af6bd,-1,-1,1
d967181724,-1,-1,2
488f5f133e,-1,-1,3
68a2df3195,-1,-1,4
47fd4036e7,-1,-1,5
7ebd3f0cdd,-1,-1,6
8e13060816,-1,-1,7
2fe186a2c6,-1,-1,8
190ea39ec4,-1,-1,9
c82ae5f941,-1,-1,0
76ba896225,-1,-1,1
008a50a2ec,-1,-1,2
0ba541766e,-1,-1,3
bb1743a571,-1,-1,4
49fe2ee7ba,-1,-1,5
ed6f9dfa22,-1,-1,6
70ca8ebf7b,-1,-1,7
05d9351a35,-1,-1,8
a12cbb17e5,-1,-1,9
0f5ada4dc3,-1,-1,0
c4f2799234,-1,-1,1
7e5cdca0b7,-1,-1,2
7b815ae7fb,-1,-1,3
565f9c3fce,-1,-1,4
5be9925bca,-1,-1,5
66e922c8d6,-1,-1,6
2f3eff4192,-1,-1,7
849881c690,-1,-1,8
fc1ca2fbc8,-1,-1,9
a5ccb4f8d9,-1,-1,0
87986259f0,-1,-1,1
f870e41e88,-1,-1,2
891fa63295,-1,-1,3
725a0ae373,-1,-1,4
d96af7c9cc,-1,-1,5
a15eff2958,-1,-1,6
056bfa0cc8,-1,-1,7
ad0e66eabf,-1,-1,8
ad297bfd03,-1,-1,9
2903f6a1db,-1,-1,0
78c50b3977,-1,-1,1
299ba3cf34,-1,-1,2
e9f4d6f927,-1,-1,3
d0bbe4fd97,-1,-1,4
04711cb760,-1,-1,5
49f22705ea,-1,-1,6
d3c8980685,-1,-1,7
7633c6bb70,-1,-1,8
a35792b156,-1,-1,9
bf73cacab5,-1,-1,0
9736389261,-1,-1,1
617c746fca,-1,-1,2
923473085f,-1,-1,3
c4f5a0fa36,-1,-1,4
331ec135dd,-1,-1,5
e0c136dc8e,-1,-1,6
71c0fd5516,-1,-1,7
312c4ce754,-1,-1,8
f1e4acdd7b,-1,-1,9
3ed6168b22,-1,-1,0
74d53a0d53,-1,-1,1
8cb6f8581b,-1,-1,2
766784f810,-1,-1,3
33dfce3a76,-1,-1,4
2821f70a5a,-1,-1,5
71d7482240,-1,-1,6
1eaf42beee,-1,-1,7
813d6ad4ba,-1,-1,8
c7ab9848b9,-1,-1,9
73a4c6a4bb,-1,-1,0
5f1aa014c5,-1,-1,1
c0a37fef54,-1,-1,2
96f26f6397,-1,-1,3
9f54d7807c,-1,-1,4
c2485cb6c3,-1,-1,5
fd949b5ab7,-1,-1,6
17dde2138e,-1,-1,7
b6804bfa43,-1,-1,8
de15d35ebc,-1,-1,9
75fb579aa2,-1,-1,0
921b60e76d,-1,-1,1
fb903c3b68,-1,-1,2
174b478747,-1,-1,3
50251a9572,-1,-1,4
5ff89814f5,-1,-1,5
a0c156a4c9,-1,-1,6
c9ffc53f25,-1,-1,7
9bf8f84094,-1,-1,8
1d9f4e875a,-1,-1,9
a3079aded1,-1,-1,0
c78c89577c,-1,-1,1
886dc2e534,-1,-1,2
fe6e74532c,-1,-1,3
92d9025a37,-1,-1,4
70a32506ab,-1,-1,5
eb23ddad08,-1,-1,6
14bba6af57,-1,-1,7
00441f1cf2,-1,-1,8
0ce329b5f9,-1,-1,9
023d486fba,-1,-1,0
b0a7056a04,-1,-1,1
809cb34e8d,-1,-1,2
a038a2d781,-1,-1,3
d71ca6d32c,-1,-1,4
1d93614392,-1,-1,5
c72c5ee731,-1,-1,6
1c78d88cb8,-1,-1,7
7ed79f8f56,-1,-1,8
62df3565cd,-1,-1,9
1544a0e952,-1,-1,0
bce104494c,-1,-1,1
d4d2ed6bd2,-1,-1,2
62a0ee9480,-1,-1,3
9f0ebbd210,-1,-1,4
24f27c4087,-1,-1,5
44c8aed146,-1,-1,6
9a71e8563b,-1,-1,7
90a57bacf0,-1,-1,8
4ce60abe5f,-1,-1,9
5448c46aac,-1,-1,0
1c41821d13,-1,-1,1
6cb11aa807,-1,-1,2
602dc99f10,-1,-1,3
d7e93ff9c2,-1,-1,4
bd526ca9af,-1,-1,5
f6576d4cbe,-1,-1,6
e4d2bf6036,-1,-1,7
d567ba2b49,-1,-1,8
d4d964f62d,-1,-1,9
520fdf987c,-1,-1,0
aa1c0ba47b,-1,-1,1
0d9adabb2c,-1,-1,2
fb58510ec6,-1,-1,3
18ea3802ca,-1,-1,4
e1009fa370,-1,-1,5
065ce5590e,-1,-1,6
18fc51d517,-1,-1,7
6a105e7555,-1,-1,8
a7cfa30d35,-1,-1,9
dc05ed2596,-1,-1,0
dea0a56bab,-1,-1,1
ba6970504c,-1,-1,2
9a672bfb51,-1,-1,3
a35ba23a41,-1,-1,4
33b50159a7,-1,-1,5
258a5db63e,-1,-1,6
128f3b0e36,-1,-1,7
a1fe3de7bb,-1,-1,8
16a9609841,-1,-1,9
b28690f7ad,-1,-1,0
4b2af55ae6,-1,-1,1
56d6d999b8,-1,-1,2
085e7a048e,-1,-1,3
4db68c7d25,-1,-1,4
9090f8f97b,-1,-1,5
d25a2d736a,-1,-1,6
1a2918c9b4,-1,-1,7
9fabca6b17,-1,-1,8
d204ea9f09,-1,-1,9
82e88d973f,-1,-1,0
f122ead5f2,-1,-1,1
1b5c4051d4,-1,-1,2
a6ec5aa914,-1,-1,3
fadd701a33,-1,-1,4
768d5f7ade,-1,-1,5
a4e8ba21d1,-1,-1,6
045c5516a2,-1,-1,7
ae6ea6e613,-1,-1,8
b839f805f9,-1,-1,9
e642037975,-1,-1,0
56974f6864,-1,-1,1
ceef85bdc0,-1,-1,2
4d4adc5623,-1,-1,3
0304e9ac37,-1,-1,4
4e41f7a5df,-1,-1,5
e6caf5eb81,-1,-1,6
08173ef66c,-1,-1,7
729c382e20,-1,-1,8
4e4cadf03f,-1,-1,9
5bb48ef0ea,-1,-1,0
71a7c521ef,-1,-1,1
05be526826,-1,-1,2
3ec30a713c,-1,-1,3
70b6a2347f,-1,-1,4
e560423302,-1,-1,5
d66bb0c151,-1,-1,6
42d64f2d78,-1,-1,7
10ecfda568,-1,-1,8
28e3c1128c,-1,-1,9
5fc8bb94aa,-1,-1,0
9daa6c133f,-1,-1,1
0923f7bef9,-1,-1,2
5c9326f1e4,-1,-1,3
2d3c0a68f9,-1,-1,4
b8ee1d8dbd,-1,-1,5
4fdc882e4b,-1,-1,6
0951f85203,-1,-1,7
a3bea8f266,-1,-1,8
362cec7849,-1,-1,9
86a772adb1,-1,-1,0
504c4a71d2,-1,-1,1
9146f2afd1,-1,-1,2
6c557220d3,-1,-1,3
3da64841d8,-1,-1,4
211dca3b80,-1,-1,5
a4e90eef39,-1,-1,6
676d100540,-1,-1,7
7b0c7e28f0,-1,-1,8
92a6b22052,-1,-1,9
bb63bcb48a,-1,-1,0
178bd2185d,-1,-1,1
2f00b33427,-1,-1,2
83bb4578eb,-1,-1,3
23e1bb3ee8,-1,-1,4
185172060e,-1,-1,5
ec649a86b2,-1,-1,6
a8503e0dc8,-1,-1,7
59092e355d,-1,-1,8
fcf61d1883,-1,-1,9
6760543d8f,-1,-1,0
c27409a765,-1,-1,1
020376e68e,-1,-1,2
3f8a8f4715,-1,-1,3
3d339265c4,-1,-1,4
03049b14ca,-1,-1,5
6636021b35,-1,-1,6
b5a47c646f,-1,-1,7
3cd0ce6e18,-1,-1,8
b45ad3932e,-1,-1,9
bf71bff284,-1,-1,0
912b573a9e,-1,-1,1
7d0cea3489,-1,-1,2
85cf79a2cb,-1,-1,3
074673a5f1,-1,-1,4
7cbfebdf9d,-1,-1,5
b7ec14f5e4,-1,-1,6
e880e84886,-1,-1,7
4d33311a1e,-1,-1,8
b194549062,-1,-1,9
1a1b0c1549,-1,-1,0
eac3fb300e,-1,-1,1
8f16b2685d,-1,-1,2
1d80de2ec9,-1,-1,3
b40457631c,-1,-1,4
3531c9193f,-1,-1,5
b964244dfd,-1,-1,6
07fef26d18,-1,-1,7
dfe230b677,-1,-1,8
5aa0015d15,-1,-1,9
5673036fa1,-1,-1,0
27ec51c877,-1,-1,1
6272ae54bc,-1,-1,2
93196366e1,-1,-1,3
cb68c2431a,-1,-1,4
4d341171a4,-1,-1,5
f2ffcf3de5,-1,-1,6
96d917e53d,-1,-1,7
da082ec985,-1,-1,8
35499d9dd6,-1,-1,9
b637a7621a,-1,-1,0
0d8ed16206,-1,-1,1
526d63530a,-1,-1,2
89dfb7ba1d,-1,-1,3
1e5e713964,-1,-1,4
38e018ea0f,-1,-1,5
bd51537256,-1,-1,6
a15b73d4bb,-1,-1,7
98f91cd1b8,-1,-1,8
a5eedd418a,-1,-1,9
ef753a06c7,-1,-1,0
25edb9edb3,-1,-1,1
1037da2ff7,-1,-1,2
57302cf4b6,-1,-1,3
7738fbabca,-1,-1,4
c45c9617bf,-1,-1,5
8620f40403,-1,-1,6
b014624db2,-1,-1,7
6edba13f1b,-1,-1,8
7beceb5850,-1,-1,9
3d0f8c81ce,-1,-1,0
cb6c6c15ce,-1,-1,1
595deae139,-1,-1,2
81e9af5ee2,-1,-1,3
60638605b1,-1,-1,4
11a14b9fcd,-1,-1,5
a141ed0c99,-1,-1,6
e843caea8f,-1,-1,7
a50ac7d1e2,-1,-1,8
31b7874f49,-1,-1,9
c100d07aa9,-1,-1,0
f0efea3879,-1,-1,1
7b79d341cf,-1,-1,2
0c62ed4494,-1,-1,3
c43b8533c4,-1,-1,4
6285015437,-1,-1,5
51179a1815,-1,-1,6
4fd99d2b52,-1,-1,7
2a71003f75,-1,-1,8
9a9ff1beca,-1,-1,9
0f02cec809,-1,-1,0
7716aa7b58,-1,-1,1
ba1287cb48,-1,-1,2
0c02f95a08,-1,-1,3
6ec6e26ddd,-1,-1,4
0fea4b5049,-1,-1,5
f9fc7746fb,-1,-1,6
c1c5602088,-1,-1,7
5b86544456,-1,-1,8
1cb4733828,-1,-1,9
4c7e3c71e6,-1,-1,0
a988661613,-1,-1,1
84e23dba29,-1,-1,2
f5b2861c9b,-1,-1,3
f0228a88de,-1,-1,4
02206b234e,-1,-1,5
465463b009,-1,-1,6
68d00224e0,-1,-1,7
b1f0e104f5,-1,-1,8
34205cc12b,-1,-1,9
72c2499de9,-1,-1,0
65dc362682,-1,-1,1
005b452274,-1,-1,2
954502fb12,-1,-1,3
4680bc7373,-1,-1,4
8fd4178b11,-1,-1,5
a59385755d,-1,-1,6
d765e53b37,-1,-1,7
4e6855dbae,-1,-1,8
196cffdb4b,-1,-1,9
8d89d465fc,-1,-1,0
d0cba16846,-1,-1,1
6698a570b8,-1,-1,2
61b42f8f0e,-1,-1,3
c95d3f1510,-1,-1,4
ba045610d1,-1,-1,5
ee0be71990,-1,-1,6
3dbbc237c5,-1,-1,7
9befc65890,-1,-1,8
90bf0125af,-1,-1,9
58d177c0d0,-1,-1,0
2101c21f75,-1,-1,1
53e17edd83,-1,-1,2
9a6c280d8d,-1,-1,3
42a3baf571,-1,-1,4
55e9012561,-1,-1,5
c42abd17f3,-1,-1,6
64f41e36f2,-1,-1,7
27de423ad3,-1,-1,8
c0cbdabcc3,-1,-1,9
feb90d8376,-1,-1,0
dccf379405,-1,-1,1
e02ae4f371,-1,-1,2
efe3e72587,-1,-1,3
36f9ab3ee0,-1,-1,4
27c4850501,-1,-1,5
7019c22c5e,-1,-1,6
01b5362cce,-1,-1,7
04cd9599a3,-1,-1,8
24522ec665,-1,-1,9
d69556b746,-1,-1,0
71ef380e21,-1,-1,1
680ce5b666,-1,-1,2
2356ec6570,-1,-1,3
778a92f420,-1,-1,4
2ee6e81e4b,-1,-1,5
f724f78b1a,-1,-1,6
fc13dabcbb,-1,-1,7
66cd32da94,-1,-1,8
d353a74b66,-1,-1,9
21e1d6e38d,-1,-1,0
6f0c88962b,-1,-1,1
36bc8044f8,-1,-1,2
53b480e29f,-1,-1,3
2bca4fe522,-1,-1,4
263bd9dfd6,-1,-1,5
56ab4fae30,-1,-1,6
740070f15a,-1,-1,7
d7506a6a38,-1,-1,8
9f07d6a050,-1,-1,9
77c695369e,-1,-1,0
f5a0acc480,-1,-1,1
547c9d83fd,-1,-1,2
f6c49acac0,-1,-1,3
4ee4b3485e,-1,-1,4
31250cef62,-1,-1,5
2bd87e0587,-1,-1,6
5c51c23a7b,-1,-1,7
cd292b7c8d,-1,-1,8
1986fcadda,-1,-1,9
3822f73c1c,-1,-1,0
28a9c6e5fe,-1,-1,1
cc70a60681,-1,-1,2
17c5d2464c,-1,-1,3
904f3fc07a,-1,-1,4
e3349e2125,-1,-1,5
c8ce151a18,-1,-1,6
c026a17632,-1,-1,7
4e51caa68e,-1,-1,8
fbf73cb975,-1,-1,9
dae96d99b2,-1,-1,0
d31e3fbfdc,-1,-1,1
7114209cf0,-1,-1,2
b240582de8,-1,-1,3
7f9f13c0d0,-1,-1,4
f9645c1acf,-1,-1,5
f64190c47e,-1,-1,6
df32c11fe8,-1,-1,7
ccfb270edb,-1,-1,8
b04c03e3d4,-1,-1,9
be1f425eac,-1,-1,0
f3356c9ee4,-1,-1,1
087192e2ec,-1,-1,2
fdabdc4399,-1,-1,3
981f73e811,-1,-1,4
e045664b46,-1,-1,5
290e9d9748,-1,-1,6
ec3130dd0b,-1,-1,7
3c7e2d60a7,-1,-1,8
a4932322ce,-1,-1,9
287d035464,-1,-1,0
59944f0f92,-1,-1,1
f4638e7428,-1,-1,2
851a37ac37,-1,-1,3
5081bad441,-1,-1,4
2eae73b03a,-1,-1,5
5b28c5ba50,-1,-1,6
5f3b26ac68,-1,-1,7
16b2119ffa,-1,-1,8
25a9f40814,-1,-1,9
16589f0702,-1,-1,0
558b11d1b8,-1,-1,1
e7ee2c6dce,-1,-1,2
e101b9a0ec,-1,-1,3
e3b1b48b5a,-1,-1,4
37e16a5404,-1,-1,5
8a2dc90df5,-1,-1,6
2717821409,-1,-1,7
fde2b51fb2,-1,-1,8
a94450f57e,-1,-1,9
a3605816c1,-1,-1,0
ca82310ee1,-1,-1,1
455c8febce,-1,-1,2
1f0b16aa13,-1,-1,3
eec5e72dad,-1,-1,4
b71915a0fe,-1,-1,5
3525fcea1e,-1,-1,6
a92f49d2d9,-1,-1,7
0b73b427d1,-1,-1,8
5395202313,-1,-1,9
cd5c9532e4,-1,-1,0
6c40978ddf,-1,-1,1
1306fcee4c,-1,-1,2
ebdef67fa5,-1,-1,3
ce0e9def63,-1,-1,4
e7c54b5f4e,-1,-1,5
95a87f8ad9,-1,-1,6
016fc8031c,-1,-1,7
ade746d346,-1,-1,8
c06ce71f9a,-1,-1,9
c3589905df,-1,-1,0
eb4efc4c39,-1,-1,1
289af097b0,-1,-1,2
dbb4b51e4a,-1,-1,3
774ee8afcf,-1,-1,4
e9ce8188b9,-1,-1,5
56a4e5c1e5,-1,-1,6
13fb17bf13,-1,-1,7
9d173ec22a,-1,-1,8
3c6fe4b7ba,-1,-1,9
ebe8198105,-1,-1,0
65408225fc,-1,-1,1
e37b8208fa,-1,-1,2
4776354474,-1,-1,3
be9ce6a9d7,-1,-1,4
de5a329823,-1,-1,5
1d685060b2,-1,-1,6
f507d4f122,-1,-1,7
24e98d224a,-1,-1,8
54842b574a,-1,-1,9
8824cdcbf0,-1,-1,0
7fc1ce1cb4,-1,-1,1
176ad39bc7,-1,-1,2
f3220c3590,-1,-1,3
c5493cc7b0,-1,-1,4
f7dc2b2c9a,-1,-1,5
9cb42834b3,-1,-1,6
36f332bd11,-1,-1,7
c5caa57f2f,-1,-1,8
ae11c7b131,-1,-1,9
e61d42e6cf,-1,-1,0
e51e614146,-1,-1,1
a89fc2586a,-1,-1,2
27f6632fd1,-1,-1,3
1b9865501f,-1,-1,4
9a48617407,-1,-1,5
0a1742c740,-1,-1,6
0cc5805a92,-1,-1,7
9f0c9f3b90,-1,-1,8
7e5a6e5013,-1,-1,9
e1280ddc3c,-1,-1,0
2b39f9a88f,-1,-1,1
ed24549a3f,-1,-1,2
df811b26b6,-1,-1,3
c9142b341c,-1,-1,4
2787bfe603,-1,-1,5
f0190fc4b4,-1,-1,6
c092a99d23,-1,-1,7
4a39459597,-1,-1,8
1d2382ac3f,-1,-1,9
358b9acfb5,-1,-1,0
628ea36ba6,-1,-1,1
bcd1e64c58,-1,-1,2
3634f29aac,-1,-1,3
51be9fc3d5,-1,-1,4
8063c65b57,-1,-1,5
664e3eb07f,-1,-1,6
9874f75819,-1,-1,7
2a26fb616b,-1,-1,8
eeecc7ab39,-1,-1,9
8e7324c8ed,-1,-1,0
d2b40a2781,-1,-1,1
d944700bae,-1,-1,2
bfa7ee102e,-1,-1,3
28ca5ff16f,-1,-1,4
902d01b7dd,-1,-1,5
54dd4658d1,-1,-1,6
8c477d6abf,-1,-1,7
d19827b32b,-1,-1,8
26527458de,-1,-1,9
76ecdc5896,-1,-1,0
60584b31d8,-1,-1,1
63193879b4,-1,-1,2
053a6f6704,-1,-1,3
5bb976391e,-1,-1,4
3404341cc6,-1,-1,5
c42d63b0e6,-1,-1,6
589e94265a,-1,-1,7
7e92ab6fe8,-1,-1,8
fcf5137a10,-1,-1,9
136af05158,-1,-1,0
89dba191b1,-1,-1,1
f2e9faa785,-1,-1,2
0cf9c803b8,-1,-1,3
fc8f0668fb,-1,-1,4
dccd2d9d48,-1,-1,5
ebc46e6691,-1,-1,6
e69330b40a,-1,-1,7
3de0c773e1,-1,-1,8
8457263314,-1,-1,9
44f5dd71ab,-1,-1,0
340c808130,-1,-1,1
0f762f2746,-1,-1,2
7469baeb8d,-1,-1,3
1cb9549d2c,-1,-1,4
444dcc147b,-1,-1,5
f234066134,-1,-1,6
84bd944c62,-1,-1,7
85bca2aade,-1,-1,8
2010b17cf6,-1,-1,9
6c4568e51c,-1,-1,0
000e218f21,-1,-1,1
a6a3383416,-1,-1,2
6153c227de,-1,-1,3
f170afca54,-1,-1,4
f20521b7f5,-1,-1,5
4a8d55bdf5,-1,-1,6
d2e44953e6,-1,-1,7
47aba1e35c,-1,-1,8
0977568b54,-1,-1,9
29d8bf3a4c,-1,-1,0
d7a53f942a,-1,-1,1
069035a9b5,-1,-1,2
5701bbfe46,-1,-1,3
1f6afee5ca,-1,-1,4
d1f7d2876b,-1,-1,5
4ad2ddacfc,-1,-1,6
568d119e66,-1,-1,7
455d05742a,-1,-1,8
c66a9ea31d,-1,-1,9
8811181716,-1,-1,0
1d2c8152bd,-1,-1,1
60b3d0d613,-1,-1,2
88a5c49514,-1,-1,3
76c76f8056,-1,-1,4
9722dedee7,-1,-1,5
f11f8eab00,-1,-1,6
fdc06fea10,-1,-1,7
f2d2fefde3,-1,-1,8
ea7425da00,-1,-1,9
d9044ee3c6,-1,-1,0
7769e240f0,-1,-1,1
ad2fa649f7,-1,-1,2
d390b1cbef,-1,-1,3
204c4657d5,-1,-1,4
5203d6e046,-1,-1,5
49d061af38,-1,-1,6
30e4d22141,-1,-1,7
3792be0845,-1,-1,8
26281da345,-1,-1,9
1495558064,-1,-1,0
ceeaafc4fc,-1,-1,1
7f826d312e,-1,-1,2
5948185d4d,-1,-1,3
4d04dcd959,-1,-1,4
ab72556c51,-1,-1,5
a21afccc50,-1,-1,6
4ed2467e7c,-1,-1,7
5d4dcb9d8b,-1,-1,8
c0fe58323e,-1,-1,9
751a212e82,-1,-1,0
d99612d949,-1,-1,1
cd6ed7690d,-1,-1,2
1fba03699e,-1,-1,3
e63196d890,-1,-1,4
9f2e5a8c24,-1,-1,5
8ca267be2b,-1,-1,6
6db821bf5f,-1,-1,7
56d025f76c,-1,-1,8
106a222c7c,-1,-1,9
e3e1afe993,-1,-1,0
6010b9b84d,-1,-1,1
7ce6463bc8,-1,-1,2
accb644c9e,-1,-1,3
5cb2496125,-1,-1,4
365abbdf77,-1,-1,5
93a1541218,-1,-1,6
ff89e5e3cd,-1,-1,7
4f62a5bb14,-1,-1,8
0c19639aeb,-1,-1,9
b112d9993c,-1,-1,0
94b4f44698,-1,-1,1
86abf1c96d,-1,-1,2
0050766ae2,-1,-1,3
ed46821aa5,-1,-1,4
f0c401b64b,-1,-1,5
f9d8f014c2,-1,-1,6
b91a91adc5,-1,-1,7
d70a2f1f23,-1,-1,8
044106f759,-1,-1,9
22b0774178,-1,-1,0
a3ad1422f5,-1,-1,1
4015200239,-1,-1,2
500683ce7e,-1,-1,3
769d51b80b,-1,-1,4
5a3c38104c,-1,-1,5
f8e67987c6,-1,-1,6
5326fad561,-1,-1,7
1abf3d7f60,-1,-1,8
db1aa8e608,-1,-1,9
c9da9c3d42,-1,-1,0
2ecb2b0797,-1,-1,1
fd257af5d2,-1,-1,2
58f752db3b,-1,-1,3
6d46f994ac,-1,-1,4
edd5fc6648,-1,-1,5
08f3346b8a,-1,-1,6
6a1783be17,-1,-1,7
971c96134a,-1,-1,8
ed7251fc01,-1,-1,9
4575e490e4,-1,-1,0
b461a5b584,-1,-1,1
26ec6ef9df,-1,-1,2
84eb2c400b,-1,-1,3
5a6fa22207,-1,-1,4
ec817961a2,-1,-1,5
2fa4260cde,-1,-1,6
a8ebba8c1e,-1,-1,7
6d9be2f492,-1,-1,8
71f7425387,-1,-1,9
3d4bc58424,-1,-1,0
b67c735ff6,-1,-1,1
020678ec1b,-1,-1,2
5ebe9e404d,-1,-1,3
590e6bdbef,-1,-1,4
875dda3975,-1,-1,5
9b9c107a62,-1,-1,6
518ee8cf52,-1,-1,7
7d9f0dacd0,-1,-1,8
8db0a68a4c,-1,-1,9
e030bdae65,-1,-1,0
d61e5c8296,-1,-1,1
74d574653f,-1,-1,2
60b7303d20,-1,-1,3
4514686882,-1,-1,4
d0eb51a04f,-1,-1,5
fb44090bc7,-1,-1,6
30bb4cd749,-1,-1,7
abe36055e8,-1,-1,8
52020f0fd4,-1,-1,9
4d2ede6b7a,-1,-1,0
fbcd92f03f,-1,-1,1
8f39d964c3,-1,-1,2
c26d515fdb,-1,-1,3
495e5d8dc0,-1,-1,4
b93d143e4b,-1,-1,5
54e2419450,-1,-1,6
e96a030ded,-1,-1,7
0c0f001366,-1,-1,8
6ac91c75fc,-1,-1,9
31d35c7c1d,-1,-1,0
17d70fee5c,-1,-1,1
dae1555fbf,-1,-1,2
930183efe5,-1,-1,3
99bc5efa33,-1,-1,4
7582c0b2e9,-1,-1,5
269b6cad0d,-1,-1,6
94c2d96e56,-1,-1,7
ef060b82b1,-1,-1,8
4986fb6755,-1,-1,9
127ef4105f,-1,-1,0
b4b225aaa8,-1,-1,1
ebf89446f2,-1,-1,2
6b0688f33f,-1,-1,3
e683e8ae69,-1,-1,4
b33e244157,-1,-1,5
5b836d2444,-1,-1,6
1d955f8103,-1,-1,7
53eb356632,-1,-1,8
72ef4718f3,-1,-1,9
4b15912a41,-1,-1,0
f7380099f6,-1,-1,1
182ea1798b,-1,-1,2
90b14e3f04,-1,-1,3
6c8ad32f36,-1,-1,4
56f4bcc716,-1,-1,5
1790f3520c,-1,-1,6
58ad72a266,-1,-1,7
6d69267940,-1,-1,8
e929ca0e34,-1,-1,9
088a402727,-1,-1,0
efd1625f2a,-1,-1,1
a2a012f128,-1,-1,2
b1be1fa682,-1,-1,3
f59821d067,-1,-1,4
73a3712fcd,-1,-1,5
1bebafb9f3,-1,-1,6
7576015468,-1,-1,7
7b9facc0aa,-1,-1,8
114397189f,-1,-1,9
40d01e18a0,-1,-1,0
e0bde1cf11,-1,-1,1
9539d280a6,-1,-1,2
da94055b53,-1,-1,3
7ed0489985,-1,-1,4
75efad62c1,-1,-1,5
8cf3a6a6f5,-1,-1,6
9cbd5ddba4,-1,-1,7
aa94cfb806,-1,-1,8
7cf386709a,-1,-1,9
948d73d7c2,-1,-1,0
90791c2417,-1,-1,1
c9a2990f76,-1,-1,2
62d6a9b673,-1,-1,3
280dcd0b2d,-1,-1,4
f139be21a4,-1,-1,5
6a1fe1a81e,-1,-1,6
5f8370ed60,-1,-1,7
8bb7245636,-1,-1,8
4b0c5aad63,-1,-1,9
b8f92fbe45,-1,-1,0
32f4fd66ae,-1,-1,1
40a571cf0f,-1,-1,2
a33fe0952a,-1,-1,3
bbf6b192be,-1,-1,4
164873b51f,-1,-1,5
4864559ba5,-1,-1,6
ff532274cd,-1,-1,7
f362d474b7,-1,-1,8
1bfe4907c1,-1,-1,9
50d3073821,-1,-1,0
75d0e44b1c,-1,-1,1
9fe707f837,-1,-1,2
6e691f1825,-1,-1,3
52ac7bb4c1,-1,-1,4
e39f959114,-1,-1,5
a562619124,-1,-1,6
30787ad7df,-1,-1,7
b9c2f9550a,-1,-1,8
45f292bb41,-1,-1,9
b24d3673e1,-1,-1,0
bc5382bc71,-1,-1,1
1ad2135efa,-1,-1,2
cfdc385955,-1,-1,3
d8b2dc2e8a,-1,-1,4
e021227dbd,-1,-1,5
33dfe8b243,-1,-1,6
c9695bff51,-1,-1,7
f5c25276d2,-1,-1,8
9b5bed5c6f,-1,-1,9
f7e555a0aa,-1,-1,0
fa9b3f2aa9,-1,-1,1
8f7b7b9980,-1,-1,2
a5c4007b7b,-1,-1,3
93c7358e41,-1,-1,4
d14ad5cb55,-1,-1,5
ca84b9e8d4,-1,-1,6
25dc959ebd,-1,-1,7
9a4b15919d,-1,-1,8
d7e6e1323a,-1,-1,9
47bd268dcd,-1,-1,0
c82f7676ac,-1,-1,1
8b4189c2a4,-1,-1,2
c901f669f8,-1,-1,3
43001d32e7,-1,-1,4
dca83468d2,-1,-1,5
9f97b2925e,-1,-1,6
f456e3161d,-1,-1,7
79fed5a697,-1,-1,8
479cb24efb,-1,-1,9
3391f0befc,-1,-1,0
99405de5c5,-1,-1,1
444c32935c,-1,-1,2
5677f991b7,-1,-1,3
9dcb043fa9,-1,-1,4
a076699b79,-1,-1,5
8320911258,-1,-1,6
217a70a0cb,-1,-1,7
0a18b314fc,-1,-1,8
7c2609c66c,-1,-1,9
a41357f553,-1,-1,0
8c916f9cb5,-1,-1,1
16017c8e02,-1,-1,2
d2aa4238f7,-1,-1,3
bc5ee94de7,-1,-1,4
fbc98aedc0,-1,-1,5
b3396387a6,-1,-1,6
c23090da64,-1,-1,7
83c0564224,-1,-1,8
90c62cd13b,-1,-1,9
f43f1e7456,-1,-1,0
9eaf536a63,-1,-1,1
b690abdc09,-1,-1,2
687dd94fee,-1,-1,3
77415e7cda,-1,-1,4
977f897477,-1,-1,5
a1526d3c6e,-1,-1,6
b8c3ca0fab,-1,-1,7
7361f4e5bc,-1,-1,8
dc534f1e28,-1,-1,9
c307912941,-1,-1,0
44ccc2d846,-1,-1,1
399694c381,-1,-1,2
75ad49564c,-1,-1,3
1f805e4733,-1,-1,4
fcdf2756aa,-1,-1,5
c89eda8701,-1,-1,6
502b97b954,-1,-1,7
6ea5191e2a,-1,-1,8
e4be64c1fb,-1,-1,9
bfc47bbe13,-1,-1,0
54a3636ba6,-1,-1,1
28d42de29f,-1,-1,2
10b19bd1f8,-1,-1,3
5c65a9775b,-1,-1,4
edea91429d,-1,-1,5
4161f35a4f,-1,-1,6
f06ef6c8b7,-1,-1,7
c256f6e713,-1,-1,8
f328eccbf3,-1,-1,9
c61e0f2507,-1,-1,0
019afb4b4e,-1,-1,1
e1921d9a0d,-1,-1,2
d46c133c20,-1,-1,3
e6e3e58c43,-1,-1,4
1ebc029ba0,-1,-1,5
935cba59ad,-1,-1,6
a8aeef5395,-1,-1,7
ac412e6d55,-1,-1,8
1ca865b041,-1,-1,9
a9ebb78977,-1,-1,0
ff2c353279,-1,-1,1
0be923c49b,-1,-1,2
e6674212ce,-1,-1,3
ac460261f4,-1,-1,4
6aff151236,-1,-1,5
c2395da60e,-1,-1,6
c5745e04ff,-1,-1,7
7a9610078a,-1,-1,8
51870e8500,-1,-1,9
40b45f1871,-1,-1,0
b521c9ddf3,-1,-1,1
1c02222ef8,-1,-1,2
eb84dfdf18,-1,-1,3
4985566e7d,-1,-1,4
44efef9c4f,-1,-1,5
302ea1ac81,-1,-1,6
4d1efb19d7,-1,-1,7
3687839ecc,-1,-1,8
30082e87d9,-1,-1,9
de95e861ac,-1,-1,0
d9cf4a6e42,-1,-1,1
429b289e07,-1,-1,2
ccdd1c542f,-1,-1,3
ebd623bfc6,-1,-1,4
ce3e6bba2e,-1,-1,5
5c297b5dcd,-1,-1,6
7c99d1c1eb,-1,-1,7
ba705c8398,-1,-1,8
2fb152d905,-1,-1,9
4848a3a509,-1,-1,0
3358462c1b,-1,-1,1
9c298b9575,-1,-1,2
5ffd928d1e,-1,-1,3
3501da04b2,-1,-1,4
3dae882971,-1,-1,5
d0d908374e,-1,-1,6
20b26a6ea7,-1,-1,7
d0e8c9833f,-1,-1,8
fa3e7cb3f5,-1,-1,9
f5e72111d0,-1,-1,0
340fe814a3,-1,-1,1
8c232a1cf8,-1,-1,2
81d37cb5fd,-1,-1,3
38ed2aa7cb,-1,-1,4
060cdfded5,-1,-1,5
f959f79b64,-1,-1,6
9fdb6afc56,-1,-1,7
8431a87cff,-1,-1,8
2596227117,-1,-1,9
3782748f51,-1,-1,0
0df53ae04c,-1,-1,1
d2c800e9f5,-1,-1,2
f7b1bd7c8a,-1,-1,3
8d9314a9f4,-1,-1,4
a89d1999ec,-1,-1,5
390355fd73,-1,-1,6
bd20d18369,-1,-1,7
0249c49180,-1,-1,8
f463f6b15b,-1,-1,9
8d08955cdf,-1,-1,0
4989c6509e,-1,-1,1
23e5717c0f,-1,-1,2
29b25b5f03,-1,-1,3
d90473fc86,-1,-1,4
7d52a376a7,-1,-1,5
467469da7b,-1,-1,6
62a8f89a19,-1,-1,7
fcb49356a5,-1,-1,8
5691530ff4,-1,-1,9
cc876896b5,-1,-1,0
ef13247eed,-1,-1,1
d56050d3ab,-1,-1,2
fd5c3c20d6,-1,-1,3
849f39dcbe,-1,-1,4
f9d03271d6,-1,-1,5
69098163e1,-1,-1,6
071c81c9ad,-1,-1,7
b4e23ae450,-1,-1,8
bdb45f92c7,-1,-1,9
83967f4314,-1,-1,0
f85054273a,-1,-1,1
df3a1c2d7b,-1,-1,2
de08c5a3b7,-1,-1,3
f5ffe74512,-1,-1,4
b51c130238,-1,-1,5
7555f79a2c,-1,-1,6
c356f76804,-1,-1,7
557feaaf65,-1,-1,8
0f9977b1dd,-1,-1,9
178d777950,-1,-1,0
81c77c1b6c,-1,-1,1
70e5bd9d27,-1,-1,2
5c7f310937,-1,-1,3
135ae076e9,-1,-1,4
3d99801810,-1,-1,5
57e0cff707,-1,-1,6
7df431274e,-1,-1,7
475fafb8e2,-1,-1,8
0497f2d447,-1,-1,9
1cad8c327b,-1,-1,0
c82dabf9b1,-1,-1,1
bc7e49ee18,-1,-1,2
fd51e63c83,-1,-1,3
bb8c452bb6,-1,-1,4
8adaa82868,-1,-1,5
82a285227e,-1,-1,6
b4f6d6f1aa,-1,-1,7
6b4d65ac6a,-1,-1,8
30d4fb116b,-1,-1,9
9bdfa54912,-1,-1,0
d68c08baec,-1,-1,1
7e67ef84e1,-1,-1,2
0e16439e05,-1,-1,3
75d70e2411,-1,-1,4
a14d2ea3b1,-1,-1,5
e10a1a3e81,-1,-1,6
1a0996a817,-1,-1,7
346358e652,-1,-1,8
84e305da04,-1,-1,9
bedb558d15,-1,-1,0
d998a07370,-1,-1,1
92cc29d923,-1,-1,2
d83a74a082,-1,-1,3
c7408f1d38,-1,-1,4
edfe5ae3ef,-1,-1,5
01c2045d03,-1,-1,6
62f822b156,-1,-1,7
e88b8de75c,-1,-1,8
1439570aec,-1,-1,9
c59e5f46c0,-1,-1,0
a633b127fc,-1,-1,1
ba67135a54,-1,-1,2
43ec939286,-1,-1,3
f26e6cffd6,-1,-1,4
67db09fda5,-1,-1,5
a86acaf330,-1,-1,6
eeca9d6a63,-1,-1,7
6e3bb2a882,-1,-1,8
c32752c00f,-1,-1,9
8bf499cb0c,-1,-1,0
bbb5279a06,-1,-1,1
9ff59d834b,-1,-1,2
d059fcb2fd,-1,-1,3
f57e741b5b,-1,-1,4
5fe333fd26,-1,-1,5
11a54f2eff,-1,-1,6
bc3f2b82ec,-1,-1,7
ebcd41b5f1,-1,-1,8
a708e52d7c,-1,-1,9
